Workbook
Name Evalucion: 'Evalucion (2)'!$A$3:$EY$9
Name Evalucion: Evalucion!$A$1:$EZ$7

Sheet Hoja1 (2)
A1: # | B1: Cod Prod | C1: Producto | D1: Fabricante | E1: FAB | F1: USO | G1: fehca | H1: nsimple | I1: peligros físicos | J1: peligros para la salud | K1: peligros para el medio ambiente | L1: Clasificación peligro físico | M1: clasificación peligro para la salud | N1: Clasificación peligro para el medio | O1: Palabra de advertencia
A2: 1 | B2: PRODUCTO 1 - INDUSTRIAL - FABRICANTE 6 | C2: PINTURA ANTIDESLIZANTE PARA CANCHAS DEPORTIVAS | D2: TECNIDECOR | E2: FABRICANTE 6 | F2: Industrial | G2: 43374 | H2: PRODUCTO 1 | I2: 1 | J2: 1 | K2: 0 | L2: Líquidos Inflamables : Categoría 3 | M2: Irritación cutáneas : Categoría 2 | N2: No aplica | O2: Peligro | Q2: Domestica | R2: =COUNTIF(F:F,Q2) -> 25
A3: 2 | B3: PRODUCTO 1 - INDUSTRIAL - FABRICANTE 1 | C3: Corlar 2.8 HG Epóxico Alto Brillo - Base Media | D3: AXALTA | E3: FABRICANTE 1 | F3: Industrial | G3: 44094 | H3: PRODUCTO 1 | Q3: Industrial | R3: =COUNTIF(F:F,Q3) -> 25
A4: 3 | B4: PRODUCTO 1 - INDUSTRIAL - FABRICANTE 5 | C4: All Purpose Enamel Astro Blue Spray Paint | D4: CRC | E4: FABRICANTE 5 | F4: Industrial | G4: 42677 | H4: PRODUCTO 1 | S4: Industrial | T4: Domestica | W4: Industrial | X4: Domestica
A5: 4 | B5: PRODUCTO 2 - INDUSTRIAL - FABRICANTE 1 | C5: Tufcote 3.5 HH - Aluminum | D5: AXALTA | E5: FABRICANTE 1 | F5: Industrial | G5: 43889 | H5: PRODUCTO 2 | P5: AXALTA | Q5: FABRICANTE 1 | R5: =COUNTIF(E:E,Q5) -> 5 | S5: =COUNTIFS($E:$E,$Q5,$F:$F,S$4) -> 5 | T5: =COUNTIFS($E:$E,$Q5,$F:$F,T$4) -> 0 | U5: =SUM(S5:T5) -> 5 | W5: =S5/5 -> 1 | X5: =T5/5 -> 0
A6: 5 | B6: PRODUCTO 2 - INDUSTRIAL - FABRICANTE 6 | C6: CATALIZADOR EPOXICO | D6: TECNIDECOR | E6: FABRICANTE 6 | F6: Industrial | G6: 43374 | H6: PRODUCTO 2 | P6: RUST-OLEUM CORPORATION | Q6: FABRICANTE 2 | R6: =COUNTIF(E:E,Q6) -> 5 | S6: =COUNTIFS($E:$E,$Q6,$F:$F,S$4) -> 0 | T6: =COUNTIFS($E:$E,$Q6,$F:$F,T$4) -> 5 | U6: =SUM(S6:T6) -> 5 | W6: =S6/5 -> 0 | X6: =T6/5 -> 1
A7: 6 | B7: PRODUCTO 3 - INDUSTRIAL - FABRICANTE 1 | C7: UP ARMOUR YELLOW 10-C 9M02 | D7: AXALTA | E7: FABRICANTE 1 | F7: Industrial | G7: 43889 | H7: PRODUCTO 3 | P7: Pintuco | Q7: FABRICANTE 3 | R7: =COUNTIF(E:E,Q7) -> 10 | S7: =COUNTIFS($E:$E,$Q7,$F:$F,S$4) -> 5 | T7: =COUNTIFS($E:$E,$Q7,$F:$F,T$4) -> 5 | U7: =SUM(S7:T7) -> 10 | W7: =S7/5 -> 1 | X7: =T7/5 -> 1
A8: 7 | B8: PRODUCTO 1 - DOMESTICA - FABRICANTE 2 | C8: R-O QT 2PK LATAM CHALKED PAINT TIDAL PND | D8: RUST-OLEUM CORPORATION | E8: FABRICANTE 2 | F8: Domestica | G8: 43188 | H8: PRODUCTO 1 | P8: SIKA | Q8: FABRICANTE 4 | R8: =COUNTIF(E:E,Q8) -> 5 | S8: =COUNTIFS($E:$E,$Q8,$F:$F,S$4) -> 5 | T8: =COUNTIFS($E:$E,$Q8,$F:$F,T$4) -> 0 | U8: =SUM(S8:T8) -> 5 | W8: =S8/5 -> 1 | X8: =T8/5 -> 0
A9: 8 | B9: PRODUCTO 1 - DOMESTICA - FABRICANTE 6 | C9: ESMALTE POLIURETANO | D9: TECNIDECOR | E9: FABRICANTE 6 | F9: Domestica | G9: 43374 | H9: PRODUCTO 1 | P9: CRC | Q9: FABRICANTE 5 | R9: =COUNTIF(E:E,Q9) -> 5 | S9: =COUNTIFS($E:$E,$Q9,$F:$F,S$4) -> 5 | T9: =COUNTIFS($E:$E,$Q9,$F:$F,T$4) -> 0 | U9: =SUM(S9:T9) -> 5 | W9: =S9/5 -> 1 | X9: =T9/5 -> 0
A10: 9 | B10: PRODUCTO 2 - DOMESTICA - FABRICANTE 2 | C10: R-O QT 2PK LATAM CHALKED PAINT1 CHARCOAL | D10: RUST-OLEUM CORPORATION | E10: FABRICANTE 2 | F10: Domestica | G10: 43950 | H10: PRODUCTO 2 | P10: TECNIDECOR | Q10: FABRICANTE 6 | R10: =COUNTIF(E:E,Q10) -> 10 | S10: =COUNTIFS($E:$E,$Q10,$F:$F,S$4) -> 5 | T10: =COUNTIFS($E:$E,$Q10,$F:$F,T$4) -> 5 | U10: =SUM(S10:T10) -> 10 | W10: =S10/5 -> 1 | X10: =T10/5 -> 1
A11: 10 | B11: PRODUCTO 3 - INDUSTRIAL - FABRICANTE 6 | C11: CATALIZADOR DURAGLASS | D11: TECNIDECOR | E11: FABRICANTE 6 | F11: Industrial | G11: 43374 | H11: PRODUCTO 3 | P11: IEDISA | Q11: FABRICANTE 7 | R11: =COUNTIF(E:E,Q11) -> 5 | S11: =COUNTIFS($E:$E,$Q11,$F:$F,S$4) -> 0 | T11: =COUNTIFS($E:$E,$Q11,$F:$F,T$4) -> 5 | U11: =SUM(S11:T11) -> 5 | W11: =S11/5 -> 0 | X11: =T11/5 -> 1
A12: 11 | B12: PRODUCTO 1 - DOMESTICA - FABRICANTE 3 | C12: KORAZA BLANCO 2650 10015206-10016171 | D12: Pintuco | E12: FABRICANTE 3 | F12: Domestica | G12: 43551 | H12: PRODUCTO 1 | P12: INVESA | Q12: FABRICANTE 8 | R12: =COUNTIF(E:E,Q12) -> 5 | S12: =COUNTIFS($E:$E,$Q12,$F:$F,S$4) -> 0 | T12: =COUNTIFS($E:$E,$Q12,$F:$F,T$4) -> 5 | U12: =SUM(S12:T12) -> 5 | W12: =S12/5 -> 0 | X12: =T12/5 -> 1
A13: 12 | B13: PRODUCTO 2 - DOMESTICA - FABRICANTE 3 | C13: KORAZA NEGRO 20380 10016550 | D13: Pintuco | E13: FABRICANTE 3 | F13: Domestica | G13: 43493 | H13: PRODUCTO 2 | R13: =SUM(R5:R12) -> 50 | S13: =SUM(S5:S12) -> 25 | T13: =SUM(T5:T12) -> 25 | U13: =SUM(U5:U12) -> 50 | W13: =SUM(W5:W12) -> 5 | X13: =SUM(X5:X12) -> 5
A14: 13 | B14: PRODUCTO 3 - DOMESTICA - FABRICANTE 3 | C14: KORAZA PRO 550 BLANCO 10350789-10289257 | D14: Pintuco | E14: FABRICANTE 3 | F14: Domestica | G14: 43236 | H14: PRODUCTO 3
A15: 14 | B15: PRODUCTO 4 - DOMESTICA - FABRICANTE 3 | C15: PINTURA ANTICORROSIVA GRIS 507 10014333 | D15: Pintuco | E15: FABRICANTE 3 | F15: Domestica | G15: 43246 | H15: PRODUCTO 4
A16: 15 | B16: PRODUCTO 1 - INDUSTRIAL - FABRICANTE 3 | C16: PINTUTRAFICO ACRILICO BASE 1 G10115022 | D16: Pintuco | E16: FABRICANTE 3 | F16: Industrial | G16: 43101 | H16: PRODUCTO 1
A17: 16 | B17: PRODUCTO 2 - INDUSTRIAL - FABRICANTE 3 | C17: PINTUTRAFICO ALQUIDICO AMARILLO 659 10012970 | D17: Pintuco | E17: FABRICANTE 3 | F17: Industrial | G17: 43321 | H17: PRODUCTO 2
A18: 17 | B18: PRODUCTO 2 - DOMESTICA - FABRICANTE 6 | C18: OXIGEL | D18: TECNIDECOR | E18: FABRICANTE 6 | F18: Domestica | G18: 43374 | H18: PRODUCTO 2
A19: 18 | B19: PRODUCTO 3 - INDUSTRIAL - FABRICANTE 3 | C19: PINTURA EPOXI POLIAMIDA BLANCO 13243 | D19: Pintuco | E19: FABRICANTE 3 | F19: Industrial | G19: 43236 | H19: PRODUCTO 3
A20: 19 | B20: PRODUCTO 3 - DOMESTICA - FABRICANTE 2 | C20: R-O QT 2PK LATAM CHALKED PAINT LINEN WHT | D20: RUST-OLEUM CORPORATION | E20: FABRICANTE 2 | F20: Domestica | G20: 43950 | H20: PRODUCTO 3
A21: 20 | B21: PRODUCTO 4 - INDUSTRIAL - FABRICANTE 3 | C21: ESMALTE AROFLEX BLANCO 2901 10012888 | D21: Pintuco | E21: FABRICANTE 3 | F21: Industrial | G21: 43236 | H21: PRODUCTO 4
A22: 21 | B22: PRODUCTO 4 - DOMESTICA - FABRICANTE 2 | C22: R-O QT 2PK LATAM CHALKED PAINT CHARCOAL | D22: RUST-OLEUM CORPORATION | E22: FABRICANTE 2 | F22: Domestica | G22: 43950 | H22: PRODUCTO 4
A23: 22 | B23: PRODUCTO 1 - DOMESTICA - FABRICANTE 8 | C23: Esmaltes alquídicos de secado al aire | E23: FABRICANTE 8 | F23: Domestica | G23: 43503 | H23: PRODUCTO 1
A24: 23 | B24: PRODUCTO 1 - DOMESTICA - FABRICANTE 7 | C24: GrafClean FRONT Premium | D24: IEDISA | E24: FABRICANTE 7 | F24: Domestica | G24: 43466 | H24: PRODUCTO 1
A25: 24 | B25: PRODUCTO 2 - DOMESTICA - FABRICANTE 7 | C25: Ecosphere Premium | D25: IEDISA | E25: FABRICANTE 7 | F25: Domestica | G25: 43101 | H25: PRODUCTO 2
A26: 25 | B26: PRODUCTO 4 - INDUSTRIAL - FABRICANTE 1 | C26: 3615SM 19LT CONVERTIDOR UNIVERSAL | D26: AXALTA | E26: FABRICANTE 1 | F26: Industrial | G26: 43834 | H26: PRODUCTO 4
A27: 26 | B27: PRODUCTO 1 - INDUSTRIAL - FABRICANTE 4 | C27: Esmalte Uretano Comp. A | D27: SIKA | E27: FABRICANTE 4 | F27: Industrial | G27: 43472 | H27: PRODUCTO 1
A28: 27 | B28: PRODUCTO 5 - INDUSTRIAL - FABRICANTE 1 | C28: IW140 .750L TRANSPARENTE KRISTALITY | D28: AXALTA | E28: FABRICANTE 1 | F28: Industrial | G28: 43987 | H28: PRODUCTO 5
A29: 28 | B29: PRODUCTO 5 - DOMESTICA - FABRICANTE 2 | C29: R-O QT 2PK LATAM CHALKED PAINT B CORAL | D29: RUST-OLEUM CORPORATION | E29: FABRICANTE 2 | F29: Domestica | G29: 43843 | H29: PRODUCTO 5
A30: 29 | B30: PRODUCTO 5 - INDUSTRIAL - FABRICANTE 3 | C30: PINTURA PARA TRAFICO ACRILICO BASE SOLVENTE BLANCO 13722 10017277-10015687 | D30: Pintuco | E30: FABRICANTE 3 | F30: Industrial | G30: 43493 | H30: PRODUCTO 5
A31: 30 | B31: PRODUCTO 5 - DOMESTICA - FABRICANTE 3 | C31: PINTURA ANTICORROSIVA GRIS 507 10014333-10012454-10171712 | D31: Pintuco | E31: FABRICANTE 3 | F31: Domestica | G31: 43236 | H31: PRODUCTO 5
A32: 31 | B32: PRODUCTO 2 - INDUSTRIAL - FABRICANTE 4 | C32: Esmalte Alquídico Serie 31 | D32: SIKA | E32: FABRICANTE 4 | F32: Industrial | G32: 43612 | H32: PRODUCTO 2
A33: 32 | B33: PRODUCTO 3 - INDUSTRIAL - FABRICANTE 4 | C33: Esmalte Epóxico Aluminio | D33: SIKA | E33: FABRICANTE 4 | F33: Industrial | G33: 44111 | H33: PRODUCTO 3
A34: 33 | B34: PRODUCTO 4 - INDUSTRIAL - FABRICANTE 4 | C34: Epoxi 100HS Serie 300 Comp. A | D34: SIKA | E34: FABRICANTE 4 | F34: Industrial | G34: 43928 | H34: PRODUCTO 4
A35: 34 | B35: PRODUCTO 5 - INDUSTRIAL - FABRICANTE 4 | C35: SikaWall®-401 Pintura Texturizada | D35: SIKA | E35: FABRICANTE 4 | F35: Industrial | G35: 43989 | H35: PRODUCTO 5
... A43: 42 | B43: PRODUCTO 5 - DOMESTICA - FABRICANTE 7 | C43: GCS Exterior Premium - Base Pastel | D43: IEDISA | E43: FABRICANTE 7 | F43: Domestica | G43: 43101 | H43: PRODUCTO 5
A44: 43 | B44: PRODUCTO 2 - DOMESTICA - FABRICANTE 8 | C44: PINTURA EN AEROSOL SAPOLIN | E44: FABRICANTE 8 | F44: Domestica | G44: 43137 | H44: PRODUCTO 2
A45: 44 | B45: PRODUCTO 3 - DOMESTICA - FABRICANTE 8 | C45: Pintura tráfico base agua | E45: FABRICANTE 8 | F45: Domestica | G45: 43692 | H45: PRODUCTO 3
A46: 45 | B46: PRODUCTO 4 - DOMESTICA - FABRICANTE 8 | C46: VINICRYL | E46: FABRICANTE 8 | F46: Domestica | G46: 43539 | H46: PRODUCTO 4
A47: 46 | B47: PRODUCTO 5 - DOMESTICA - FABRICANTE 8 | C47: THINNER | E47: FABRICANTE 8 | F47: Domestica | G47: 43699 | H47: PRODUCTO 5
A48: 47 | B48: PRODUCTO 2 - INDUSTRIAL - FABRICANTE 5 | C48: Rust Proof Enamel Flat Black Spray Paint | D48: CRC | E48: FABRICANTE 5 | F48: Industrial | G48: 42691 | H48: PRODUCTO 2
A49: 48 | B49: PRODUCTO 3 - INDUSTRIAL - FABRICANTE 5 | C49: Pintura para Señalización Invertida – Naranja Fluorescente | D49: CRC | E49: FABRICANTE 5 | F49: Industrial | G49: 42590 | H49: PRODUCTO 3
A50: 49 | B50: PRODUCTO 4 - INDUSTRIAL - FABRICANTE 5 | C50: Rust Proof Enamel OSHA Yellow Spray Paint | D50: CRC | E50: FABRICANTE 5 | F50: Industrial | G50: 42691 | H50: PRODUCTO 4
A51: 50 | B51: PRODUCTO 5 - INDUSTRIAL - FABRICANTE 5 | C51: Rust Proof Enamel Machinery Light Gray Spray Paint | D51: CRC | E51: FABRICANTE 5 | F51: Industrial | G51: 42682 | H51: PRODUCTO 5

Sheet Hoja1

Sheet Hoja2

Sheet Hoja3

Sheet Hoja4

Sheet Datos
A1: Id | B1: Nombre del Producto | C1: Fabricante | D1: Fecha Elaboración | E1: Criterios | F1: Item_1_0 | G1: Calidad_1_0 | H1: Item_1_1 | I1: Calidad_1_1 | J1: Item_1_2 | K1: Calidad_1_2 | L1: Item_1_3 | M1: Calidad_1_3 | N1: Item_1_4 | O1: Calidad_1_4 | P1: Item_1_5 | Q1: Calidad_1_5 | R1: Item_2_0 | S1: Calidad_2_0 | T1: Item_2_1 | U1: Calidad_2_1 | V1: Item_2_1_1 | W1: Calidad_2_1_1 | X1: Item_2_1_2 | Y1: Calidad_2_1_2 | Z1: Item_2_1_3 | AA1: Calidad_2_1_3 | AB1: Item_2_1_4 | AC1: Calidad_2_1_4 | AD1: Item_2_2 | AE1: Calidad_2_2 | AF1: Item_3_0 | AG1: Calidad_3_0 | AH1: Item_3_1_1 | AI1: Calidad_3_1_1 | AJ1: Item_3_1_1_1 | AK1: Calidad_3_1_1_1 | AL1: Item_3_1_1_2 | AM1: Calidad_3_1_1_2 | AN1: Item_3_1_1_3 | AO1: Calidad_3_1_1_3 | AP1: Item_3_2_1 | AQ1: Calidad_3_2_1 | AR1: Item_3_2_1_1 | AS1: Calidad_3_2_1_1 | AT1: Item_3_2_1_2 | AU1: Calidad_3_2_1_2 | AV1: Calidad_3_5 | AW1: Item_3_2_1_3 | AX1: Calidad_3_2_1_3 | AY1: Item_4_0 | AZ1: Calidad_4_0 | BA1: Item_4_1 | BB1: Calidad_4_1 | BC1: Item_4_2 | BD1: Calidad_4_2 | BE1: Item_4_3 | BF1: Calidad_4_3 | BG1: Item_5_0 | BH1: Calidad_5_0 | BI1: Item_5_1 | BJ1: Calidad_5_1 | BK1: Item_5_2 | BL1: Calidad_5_2 | BM1: Item_5_3 | BN1: Calidad_5_3 | BO1: Item_6_0 | BP1: Calidad_6_0 | BQ1: Item_6_1 | BR1: Calidad_6_1 | BS1: Item_6_2 | BT1: Calidad_6_2 | BU1: Item_6_3 | BV1: Calidad_6_3 | BW1: Item_7_0 | BX1: Calidad_7_0 | BY1: Item_7_1 | BZ1: Calidad_7_1 | CA1: Item_7_2 | CB1: Calidad_7_2 | CC1: Item_8_0 | CD1: Calidad_8_0 | CE1: Item_8_1 | CF1: Calidad_8_1 | CG1: Item_8_2 | CH1: Calidad_8_2 | CI1: Item_8_3 | CJ1: Calidad_8_3 | CK1: Item_9_0 | CL1: Calidad_9_0 | CM1: Item_9_1 | CN1: Calidad_9_1 | CO1: Item_10_0 | CP1: Calidad_10_0 | CQ1: Item_10_2_1 | CR1: Calidad_10_2_1 | CS1: Item_10_2_2 | CT1: Calidad_10_2_2 | CU1: Item_10_2_3 | CV1: Calidad_10_2_3 | CW1: Item_10_2_4 | CX1: Calidad_10_2_4 | CY1: Item_10_2_5 | CZ1: Calidad_10_2_5 | DA1: Item_10_2_6 | DB1: Calidad_10_2_6 | DC1: Item_11_0 | DD1: Calidad_11_0 | DE1: Item_11_1 | DF1: Calidad_11_1 | DG1: Item_11_2 | DH1: Calidad_11_2 | DI1: Item_11_3 | DJ1: Calidad_11_3 | DK1: Item_11_4 | DL1: Calidad_11_4 | DM1: Item_11_5 | DN1: Calidad_11_5 | DO1: Item_12_0 | DP1: Calidad_12_0 | DQ1: Item_12_1 | DR1: Calidad_12_1 | DS1: Item_12_2 | DT1: Calidad_12_2 | DU1: Item_12_3 | DV1: Calidad_12_3 | DW1: Item_12_4 | DX1: Calidad_12_4 | DY1: Item_12_5 | DZ1: Calidad_12_5 | EA1: Item_13_0 | EB1: Calidad_13_0 | EC1: Item_13_1 | ED1: Calidad_13_1 | EE1: Item_14_0 | EF1: Calidad_14_0 | EG1: Item_14_1 | EH1: Calidad_14_1 | EI1: Item_14_2 | EJ1: Calidad_14_2 | EK1: Item_14_3 | EL1: Calidad_14_3 | EM1: Item_14_4 | EN1: Calidad_14_4 | EO1: Item_14_5 | EP1: Calidad_14_5 | EQ1: Item_14_6 | ER1: Calidad_14_6 | ES1: Item_15_0 | ET1: Calidad_15_0 | EU1: Item_15_1 | EV1: Calidad_15_1 | EW1: Item_16_0 | EX1: Calidad_16_0 | EY1: Item_16_1 | EZ1: Calidad_16_1
E2: Presente | F2: =COUNTIF(Evalucion!F:F,$E2)/F$7 -> 1 | G2: =COUNTIF(Evalucion!G:G,$E2)/G$7 -> 0 | H2: =COUNTIF(Evalucion!H:H,$E2)/H$7 -> 0.8 | I2: =COUNTIF(Evalucion!I:I,$E2)/I$7 -> 0 | J2: =COUNTIF(Evalucion!J:J,$E2)/J$7 -> 0.46 | K2: =COUNTIF(Evalucion!K:K,$E2)/K$7 -> 0 | L2: =COUNTIF(Evalucion!L:L,$E2)/L$7 -> 0.8 | M2: =COUNTIF(Evalucion!M:M,$E2)/M$7 -> 0 | N2: =COUNTIF(Evalucion!N:N,$E2)/N$7 -> 1 | O2: =COUNTIF(Evalucion!O:O,$E2)/O$7 -> 0 | P2: =COUNTIF(Evalucion!P:P,$E2)/P$7 -> 0.8 | Q2: =COUNTIF(Evalucion!Q:Q,$E2)/Q$7 -> 0 | R2: =COUNTIF(Evalucion!R:R,$E2)/R$7 -> 1 | S2: =COUNTIF(Evalucion!S:S,$E2)/S$7 -> 0 | T2: =COUNTIF(Evalucion!T:T,$E2)/T$7 -> 0.64 | U2: =COUNTIF(Evalucion!U:U,$E2)/U$7 -> 0 | V2: =COUNTIF(Evalucion!V:V,$E2)/V$7 -> 0.66 | W2: =COUNTIF(Evalucion!W:W,$E2)/W$7 -> 0 | X2: =COUNTIF(Evalucion!X:X,$E2)/X$7 -> 0.64 | Y2: =COUNTIF(Evalucion!Y:Y,$E2)/Y$7 -> 0 | Z2: =COUNTIF(Evalucion!Z:Z,$E2)/Z$7 -> 0.66 | AA2: =COUNTIF(Evalucion!AA:AA,$E2)/AA$7 -> 0 | AB2: =COUNTIF(Evalucion!AB:AB,$E2)/AB$7 -> 0.64 | AC2: =COUNTIF(Evalucion!AC:AC,$E2)/AC$7 -> 0 | AD2: =COUNTIF(Evalucion!AD:AD,$E2)/AD$7 -> 0.84 | AE2: =COUNTIF(Evalucion!AE:AE,$E2)/AE$7 -> 0 | AF2: =COUNTIF(Evalucion!AF:AF,$E2)/AF$7 -> 1 | AG2: =COUNTIF(Evalucion!AG:AG,$E2)/AG$7 -> 0 | AH2: =COUNTIF(Evalucion!AH:AH,$E2)/AH$7 -> #DIV/0! | AI2: =COUNTIF(Evalucion!AI:AI,$E2)/AI$7 -> #DIV/0! | AJ2: =COUNTIF(Evalucion!AJ:AJ,$E2)/AJ$7 -> #DIV/0! | AK2: =COUNTIF(Evalucion!AK:AK,$E2)/AK$7 -> #DIV/0! | AL2: =COUNTIF(Evalucion!AL:AL,$E2)/AL$7 -> #DIV/0! | AM2: =COUNTIF(Evalucion!AM:AM,$E2)/AM$7 -> #DIV/0! | AN2: =COUNTIF(Evalucion!AN:AN,$E2)/AN$7 -> #DIV/0! | AO2: =COUNTIF(Evalucion!AO:AO,$E2)/AO$7 -> #DIV/0! | AP2: =COUNTIF(Evalucion!AP:AP,$E2)/AP$7 -> 1 | AQ2: =COUNTIF(Evalucion!AQ:AQ,$E2)/AQ$7 -> 0 | AR2: =COUNTIF(Evalucion!AR:AR,$E2)/AR$7 -> 0.1 | AS2: =COUNTIF(Evalucion!AS:AS,$E2)/AS$7 -> 0 | AT2: =COUNTIF(Evalucion!AT:AT,$E2)/AT$7 -> 0.76 | AU2: =COUNTIF(Evalucion!AU:AU,$E2)/AU$7 -> 0 | AV2: =COUNTIF(Evalucion!AV:AV,$E2)/AV$7 -> #DIV/0! | AW2: =COUNTIF(Evalucion!AW:AW,$E2)/AW$7 -> 0.56 | AX2: =COUNTIF(Evalucion!AX:AX,$E2)/AX$7 -> 0 | AY2: =COUNTIF(Evalucion!AY:AY,$E2)/AY$7 -> 1 | AZ2: =COUNTIF(Evalucion!AZ:AZ,$E2)/AZ$7 -> 0 | BA2: =COUNTIF(Evalucion!BA:BA,$E2)/BA$7 -> 1 | BB2: =COUNTIF(Evalucion!BB:BB,$E2)/BB$7 -> 0 | BC2: =COUNTIF(Evalucion!BC:BC,$E2)/BC$7 -> 0.7 | BD2: =COUNTIF(Evalucion!BD:BD,$E2)/BD$7 -> 0 | BE2: =COUNTIF(Evalucion!BE:BE,$E2)/BE$7 -> 0.7 | BF2: =COUNTIF(Evalucion!BF:BF,$E2)/BF$7 -> 0 | BG2: =COUNTIF(Evalucion!BG:BG,$E2)/BG$7 -> 1 | BH2: =COUNTIF(Evalucion!BH:BH,$E2)/BH$7 -> 0 | BI2: =COUNTIF(Evalucion!BI:BI,$E2)/BI$7 -> 0.8 | BJ2: =COUNTIF(Evalucion!BJ:BJ,$E2)/BJ$7 -> 0 | BK2: =COUNTIF(Evalucion!BK:BK,$E2)/BK$7 -> 0.68 | BL2: =COUNTIF(Evalucion!BL:BL,$E2)/BL$7 -> 0 | BM2: =COUNTIF(Evalucion!BM:BM,$E2)/BM$7 -> 0.6 | BN2: =COUNTIF(Evalucion!BN:BN,$E2)/BN$7 -> 0 | BO2: =COUNTIF(Evalucion!BO:BO,$E2)/BO$7 -> 1 | BP2: =COUNTIF(Evalucion!BP:BP,$E2)/BP$7 -> 0 | BQ2: =COUNTIF(Evalucion!BQ:BQ,$E2)/BQ$7 -> 0.6 | BR2: =COUNTIF(Evalucion!BR:BR,$E2)/BR$7 -> 0 | BS2: =COUNTIF(Evalucion!BS:BS,$E2)/BS$7 -> 0.56 | BT2: =COUNTIF(Evalucion!BT:BT,$E2)/BT$7 -> 0 | BU2: =COUNTIF(Evalucion!BU:BU,$E2)/BU$7 -> 0.7 | BV2: =COUNTIF(Evalucion!BV:BV,$E2)/BV$7 -> 0 | BW2: =COUNTIF(Evalucion!BW:BW,$E2)/BW$7 -> 1 | BX2: =COUNTIF(Evalucion!BX:BX,$E2)/BX$7 -> 0 | BY2: =COUNTIF(Evalucion!BY:BY,$E2)/BY$7 -> 0.7 | BZ2: =COUNTIF(Evalucion!BZ:BZ,$E2)/BZ$7 -> 0 | CA2: =COUNTIF(Evalucion!CA:CA,$E2)/CA$7 -> 0.6 | CB2: =COUNTIF(Evalucion!CB:CB,$E2)/CB$7 -> 0 | CC2: =COUNTIF(Evalucion!CC:CC,$E2)/CC$7 -> 1 | CD2: =COUNTIF(Evalucion!CD:CD,$E2)/CD$7 -> 0 | CE2: =COUNTIF(Evalucion!CE:CE,$E2)/CE$7 -> 1 | CF2: =COUNTIF(Evalucion!CF:CF,$E2)/CF$7 -> 0 | CG2: =COUNTIF(Evalucion!CG:CG,$E2)/CG$7 -> 0.6 | CH2: =COUNTIF(Evalucion!CH:CH,$E2)/CH$7 -> 0 | CI2: =COUNTIF(Evalucion!CI:CI,$E2)/CI$7 -> 0.78 | CJ2: =COUNTIF(Evalucion!CJ:CJ,$E2)/CJ$7 -> 0 | CK2: =COUNTIF(Evalucion!CK:CK,$E2)/CK$7 -> 1 | CL2: =COUNTIF(Evalucion!CL:CL,$E2)/CL$7 -> 0 | CM2: =COUNTIF(Evalucion!CM:CM,$E2)/CM$7 -> 1 | CN2: =COUNTIF(Evalucion!CN:CN,$E2)/CN$7 -> 0 | CO2: =COUNTIF(Evalucion!CO:CO,$E2)/CO$7 -> 1 | CP2: =COUNTIF(Evalucion!CP:CP,$E2)/CP$7 -> 0 | CQ2: =COUNTIF(Evalucion!CQ:CQ,$E2)/CQ$7 -> 0.62 | CR2: =COUNTIF(Evalucion!CR:CR,$E2)/CR$7 -> 0 | CS2: =COUNTIF(Evalucion!CS:CS,$E2)/CS$7 -> 0.78 | CT2: =COUNTIF(Evalucion!CT:CT,$E2)/CT$7 -> 0 | CU2: =COUNTIF(Evalucion!CU:CU,$E2)/CU$7 -> 0.6 | CV2: =COUNTIF(Evalucion!CV:CV,$E2)/CV$7 -> 0 | CW2: =COUNTIF(Evalucion!CW:CW,$E2)/CW$7 -> 0.96 | CX2: =COUNTIF(Evalucion!CX:CX,$E2)/CX$7 -> 0 | CY2: =COUNTIF(Evalucion!CY:CY,$E2)/CY$7 -> 0.9 | CZ2: =COUNTIF(Evalucion!CZ:CZ,$E2)/CZ$7 -> 0 | DA2: =COUNTIF(Evalucion!DA:DA,$E2)/DA$7 -> 0.84 | DB2: =COUNTIF(Evalucion!DB:DB,$E2)/DB$7 -> 0 | DC2: =COUNTIF(Evalucion!DC:DC,$E2)/DC$7 -> 1 | DD2: =COUNTIF(Evalucion!DD:DD,$E2)/DD$7 -> 0 | DE2: =COUNTIF(Evalucion!DE:DE,$E2)/DE$7 -> 0.28 | DF2: =COUNTIF(Evalucion!DF:DF,$E2)/DF$7 -> 0 | DG2: =COUNTIF(Evalucion!DG:DG,$E2)/DG$7 -> 0.98 | DH2: =COUNTIF(Evalucion!DH:DH,$E2)/DH$7 -> 0 | DI2: =COUNTIF(Evalucion!DI:DI,$E2)/DI$7 -> 0.3 | DJ2: =COUNTIF(Evalucion!DJ:DJ,$E2)/DJ$7 -> 0 | DK2: =COUNTIF(Evalucion!DK:DK,$E2)/DK$7 -> 0.28 | DL2: =COUNTIF(Evalucion!DL:DL,$E2)/DL$7 -> 0 | DM2: =COUNTIF(Evalucion!DM:DM,$E2)/DM$7 -> 0.52 | DN2: =COUNTIF(Evalucion!DN:DN,$E2)/DN$7 -> 0 | DO2: =COUNTIF(Evalucion!DO:DO,$E2)/DO$7 -> 1 | DP2: =COUNTIF(Evalucion!DP:DP,$E2)/DP$7 -> 0 | DQ2: =COUNTIF(Evalucion!DQ:DQ,$E2)/DQ$7 -> 0.84 | DR2: =COUNTIF(Evalucion!DR:DR,$E2)/DR$7 -> 0 | DS2: =COUNTIF(Evalucion!DS:DS,$E2)/DS$7 -> 0.54 | DT2: =COUNTIF(Evalucion!DT:DT,$E2)/DT$7 -> 0 | DU2: =COUNTIF(Evalucion!DU:DU,$E2)/DU$7 -> 0.84 | DV2: =COUNTIF(Evalucion!DV:DV,$E2)/DV$7 -> 0 | DW2: =COUNTIF(Evalucion!DW:DW,$E2)/DW$7 -> 0.54 | DX2: =COUNTIF(Evalucion!DX:DX,$E2)/DX$7 -> 0 | DY2: =COUNTIF(Evalucion!DY:DY,$E2)/DY$7 -> 0.54 | DZ2: =COUNTIF(Evalucion!DZ:DZ,$E2)/DZ$7 -> 0 | EA2: =COUNTIF(Evalucion!EA:EA,$E2)/EA$7 -> 1 | EB2: =COUNTIF(Evalucion!EB:EB,$E2)/EB$7 -> 0 | EC2: =COUNTIF(Evalucion!EC:EC,$E2)/EC$7 -> 0.8 | ED2: =COUNTIF(Evalucion!ED:ED,$E2)/ED$7 -> 0 | EE2: =COUNTIF(Evalucion!EE:EE,$E2)/EE$7 -> 1 | EF2: =COUNTIF(Evalucion!EF:EF,$E2)/EF$7 -> 0 | EG2: =COUNTIF(Evalucion!EG:EG,$E2)/EG$7 -> 0.88 | EH2: =COUNTIF(Evalucion!EH:EH,$E2)/EH$7 -> 0 | EI2: =COUNTIF(Evalucion!EI:EI,$E2)/EI$7 -> 0.58 | EJ2: =COUNTIF(Evalucion!EJ:EJ,$E2)/EJ$7 -> 0 | EK2: =COUNTIF(Evalucion!EK:EK,$E2)/EK$7 -> 0.68 | EL2: =COUNTIF(Evalucion!EL:EL,$E2)/EL$7 -> 0 | EM2: =COUNTIF(Evalucion!EM:EM,$E2)/EM$7 -> 0.88 | EN2: =COUNTIF(Evalucion!EN:EN,$E2)/EN$7 -> 0 | EO2: =COUNTIF(Evalucion!EO:EO,$E2)/EO$7 -> 0.48 | EP2: =COUNTIF(Evalucion!EP:EP,$E2)/EP$7 -> 0 | EQ2: =COUNTIF(Evalucion!EQ:EQ,$E2)/EQ$7 -> 0.48 | ER2: =COUNTIF(Evalucion!ER:ER,$E2)/ER$7 -> 0 | ES2: =COUNTIF(Evalucion!ES:ES,$E2)/ES$7 -> 1 | ET2: =COUNTIF(Evalucion!ET:ET,$E2)/ET$7 -> 0 | EU2: =COUNTIF(Evalucion!EU:EU,$E2)/EU$7 -> 0.98 | EV2: =COUNTIF(Evalucion!EV:EV,$E2)/EV$7 -> 0 | EW2: =COUNTIF(Evalucion!EW:EW,$E2)/EW$7 -> 1 | EX2: =COUNTIF(Evalucion!EX:EX,$E2)/EX$7 -> 0 | EY2: =COUNTIF(Evalucion!EY:EY,$E2)/EY$7 -> 1 | EZ2: =COUNTIF(Evalucion!EZ:EZ,$E2)/EZ$7 -> 0
E3: No Present | F3: =COUNTIF(Evalucion!F:F,$E3)/F$7 -> 0 | G3: =COUNTIF(Evalucion!G:G,$E3)/G$7 -> 0 | H3: =COUNTIF(Evalucion!H:H,$E3)/H$7 -> 0.2 | I3: =COUNTIF(Evalucion!I:I,$E3)/I$7 -> 0 | J3: =COUNTIF(Evalucion!J:J,$E3)/J$7 -> 0.54 | K3: =COUNTIF(Evalucion!K:K,$E3)/K$7 -> 0 | L3: =COUNTIF(Evalucion!L:L,$E3)/L$7 -> 0.2 | M3: =COUNTIF(Evalucion!M:M,$E3)/M$7 -> 0 | N3: =COUNTIF(Evalucion!N:N,$E3)/N$7 -> 0 | O3: =COUNTIF(Evalucion!O:O,$E3)/O$7 -> 0 | P3: =COUNTIF(Evalucion!P:P,$E3)/P$7 -> 0.2 | Q3: =COUNTIF(Evalucion!Q:Q,$E3)/Q$7 -> 0 | R3: =COUNTIF(Evalucion!R:R,$E3)/R$7 -> 0 | S3: =COUNTIF(Evalucion!S:S,$E3)/S$7 -> 0 | T3: =COUNTIF(Evalucion!T:T,$E3)/T$7 -> 0.36 | U3: =COUNTIF(Evalucion!U:U,$E3)/U$7 -> 0 | V3: =COUNTIF(Evalucion!V:V,$E3)/V$7 -> 0.34 | W3: =COUNTIF(Evalucion!W:W,$E3)/W$7 -> 0 | X3: =COUNTIF(Evalucion!X:X,$E3)/X$7 -> 0.36 | Y3: =COUNTIF(Evalucion!Y:Y,$E3)/Y$7 -> 0 | Z3: =COUNTIF(Evalucion!Z:Z,$E3)/Z$7 -> 0.34 | AA3: =COUNTIF(Evalucion!AA:AA,$E3)/AA$7 -> 0 | AB3: =COUNTIF(Evalucion!AB:AB,$E3)/AB$7 -> 0.36 | AC3: =COUNTIF(Evalucion!AC:AC,$E3)/AC$7 -> 0 | AD3: =COUNTIF(Evalucion!AD:AD,$E3)/AD$7 -> 0.16 | AE3: =COUNTIF(Evalucion!AE:AE,$E3)/AE$7 -> 0 | AF3: =COUNTIF(Evalucion!AF:AF,$E3)/AF$7 -> 0 | AG3: =COUNTIF(Evalucion!AG:AG,$E3)/AG$7 -> 0 | AH3: =COUNTIF(Evalucion!AH:AH,$E3)/AH$7 -> #DIV/0! | AI3: =COUNTIF(Evalucion!AI:AI,$E3)/AI$7 -> #DIV/0! | AJ3: =COUNTIF(Evalucion!AJ:AJ,$E3)/AJ$7 -> #DIV/0! | AK3: =COUNTIF(Evalucion!AK:AK,$E3)/AK$7 -> #DIV/0! | AL3: =COUNTIF(Evalucion!AL:AL,$E3)/AL$7 -> #DIV/0! | AM3: =COUNTIF(Evalucion!AM:AM,$E3)/AM$7 -> #DIV/0! | AN3: =COUNTIF(Evalucion!AN:AN,$E3)/AN$7 -> #DIV/0! | AO3: =COUNTIF(Evalucion!AO:AO,$E3)/AO$7 -> #DIV/0! | AP3: =COUNTIF(Evalucion!AP:AP,$E3)/AP$7 -> 0 | AQ3: =COUNTIF(Evalucion!AQ:AQ,$E3)/AQ$7 -> 0 | AR3: =COUNTIF(Evalucion!AR:AR,$E3)/AR$7 -> 0.9 | AS3: =COUNTIF(Evalucion!AS:AS,$E3)/AS$7 -> 0 | AT3: =COUNTIF(Evalucion!AT:AT,$E3)/AT$7 -> 0.24 | AU3: =COUNTIF(Evalucion!AU:AU,$E3)/AU$7 -> 0 | AV3: =COUNTIF(Evalucion!AV:AV,$E3)/AV$7 -> #DIV/0! | AW3: =COUNTIF(Evalucion!AW:AW,$E3)/AW$7 -> 0.44 | AX3: =COUNTIF(Evalucion!AX:AX,$E3)/AX$7 -> 0 | AY3: =COUNTIF(Evalucion!AY:AY,$E3)/AY$7 -> 0 | AZ3: =COUNTIF(Evalucion!AZ:AZ,$E3)/AZ$7 -> 0 | BA3: =COUNTIF(Evalucion!BA:BA,$E3)/BA$7 -> 0 | BB3: =COUNTIF(Evalucion!BB:BB,$E3)/BB$7 -> 0 | BC3: =COUNTIF(Evalucion!BC:BC,$E3)/BC$7 -> 0.3 | BD3: =COUNTIF(Evalucion!BD:BD,$E3)/BD$7 -> 0 | BE3: =COUNTIF(Evalucion!BE:BE,$E3)/BE$7 -> 0.3 | BF3: =COUNTIF(Evalucion!BF:BF,$E3)/BF$7 -> 0 | BG3: =COUNTIF(Evalucion!BG:BG,$E3)/BG$7 -> 0 | BH3: =COUNTIF(Evalucion!BH:BH,$E3)/BH$7 -> 0 | BI3: =COUNTIF(Evalucion!BI:BI,$E3)/BI$7 -> 0.2 | BJ3: =COUNTIF(Evalucion!BJ:BJ,$E3)/BJ$7 -> 0 | BK3: =COUNTIF(Evalucion!BK:BK,$E3)/BK$7 -> 0.32 | BL3: =COUNTIF(Evalucion!BL:BL,$E3)/BL$7 -> 0 | BM3: =COUNTIF(Evalucion!BM:BM,$E3)/BM$7 -> 0.4 | BN3: =COUNTIF(Evalucion!BN:BN,$E3)/BN$7 -> 0 | BO3: =COUNTIF(Evalucion!BO:BO,$E3)/BO$7 -> 0 | BP3: =COUNTIF(Evalucion!BP:BP,$E3)/BP$7 -> 0 | BQ3: =COUNTIF(Evalucion!BQ:BQ,$E3)/BQ$7 -> 0.4 | BR3: =COUNTIF(Evalucion!BR:BR,$E3)/BR$7 -> 0 | BS3: =COUNTIF(Evalucion!BS:BS,$E3)/BS$7 -> 0.44 | BT3: =COUNTIF(Evalucion!BT:BT,$E3)/BT$7 -> 0 | BU3: =COUNTIF(Evalucion!BU:BU,$E3)/BU$7 -> 0.3 | BV3: =COUNTIF(Evalucion!BV:BV,$E3)/BV$7 -> 0 | BW3: =COUNTIF(Evalucion!BW:BW,$E3)/BW$7 -> 0 | BX3: =COUNTIF(Evalucion!BX:BX,$E3)/BX$7 -> 0 | BY3: =COUNTIF(Evalucion!BY:BY,$E3)/BY$7 -> 0.3 | BZ3: =COUNTIF(Evalucion!BZ:BZ,$E3)/BZ$7 -> 0 | CA3: =COUNTIF(Evalucion!CA:CA,$E3)/CA$7 -> 0.4 | CB3: =COUNTIF(Evalucion!CB:CB,$E3)/CB$7 -> 0 | CC3: =COUNTIF(Evalucion!CC:CC,$E3)/CC$7 -> 0 | CD3: =COUNTIF(Evalucion!CD:CD,$E3)/CD$7 -> 0 | CE3: =COUNTIF(Evalucion!CE:CE,$E3)/CE$7 -> 0 | CF3: =COUNTIF(Evalucion!CF:CF,$E3)/CF$7 -> 0 | CG3: =COUNTIF(Evalucion!CG:CG,$E3)/CG$7 -> 0.4 | CH3: =COUNTIF(Evalucion!CH:CH,$E3)/CH$7 -> 0 | CI3: =COUNTIF(Evalucion!CI:CI,$E3)/CI$7 -> 0.22 | CJ3: =COUNTIF(Evalucion!CJ:CJ,$E3)/CJ$7 -> 0 | CK3: =COUNTIF(Evalucion!CK:CK,$E3)/CK$7 -> 0 | CL3: =COUNTIF(Evalucion!CL:CL,$E3)/CL$7 -> 0 | CM3: =COUNTIF(Evalucion!CM:CM,$E3)/CM$7 -> 0 | CN3: =COUNTIF(Evalucion!CN:CN,$E3)/CN$7 -> 0 | CO3: =COUNTIF(Evalucion!CO:CO,$E3)/CO$7 -> 0 | CP3: =COUNTIF(Evalucion!CP:CP,$E3)/CP$7 -> 0 | CQ3: =COUNTIF(Evalucion!CQ:CQ,$E3)/CQ$7 -> 0.38 | CR3: =COUNTIF(Evalucion!CR:CR,$E3)/CR$7 -> 0 | CS3: =COUNTIF(Evalucion!CS:CS,$E3)/CS$7 -> 0.22 | CT3: =COUNTIF(Evalucion!CT:CT,$E3)/CT$7 -> 0 | CU3: =COUNTIF(Evalucion!CU:CU,$E3)/CU$7 -> 0.4 | CV3: =COUNTIF(Evalucion!CV:CV,$E3)/CV$7 -> 0 | CW3: =COUNTIF(Evalucion!CW:CW,$E3)/CW$7 -> 0.04 | CX3: =COUNTIF(Evalucion!CX:CX,$E3)/CX$7 -> 0 | CY3: =COUNTIF(Evalucion!CY:CY,$E3)/CY$7 -> 0.1 | CZ3: =COUNTIF(Evalucion!CZ:CZ,$E3)/CZ$7 -> 0 | DA3: =COUNTIF(Evalucion!DA:DA,$E3)/DA$7 -> 0.16 | DB3: =COUNTIF(Evalucion!DB:DB,$E3)/DB$7 -> 0 | DC3: =COUNTIF(Evalucion!DC:DC,$E3)/DC$7 -> 0 | DD3: =COUNTIF(Evalucion!DD:DD,$E3)/DD$7 -> 0 | DE3: =COUNTIF(Evalucion!DE:DE,$E3)/DE$7 -> 0.72 | DF3: =COUNTIF(Evalucion!DF:DF,$E3)/DF$7 -> 0 | DG3: =COUNTIF(Evalucion!DG:DG,$E3)/DG$7 -> 0.02 | DH3: =COUNTIF(Evalucion!DH:DH,$E3)/DH$7 -> 0 | DI3: =COUNTIF(Evalucion!DI:DI,$E3)/DI$7 -> 0.7 | DJ3: =COUNTIF(Evalucion!DJ:DJ,$E3)/DJ$7 -> 0 | DK3: =COUNTIF(Evalucion!DK:DK,$E3)/DK$7 -> 0.72 | DL3: =COUNTIF(Evalucion!DL:DL,$E3)/DL$7 -> 0 | DM3: =COUNTIF(Evalucion!DM:DM,$E3)/DM$7 -> 0.48 | DN3: =COUNTIF(Evalucion!DN:DN,$E3)/DN$7 -> 0 | DO3: =COUNTIF(Evalucion!DO:DO,$E3)/DO$7 -> 0 | DP3: =COUNTIF(Evalucion!DP:DP,$E3)/DP$7 -> 0 | DQ3: =COUNTIF(Evalucion!DQ:DQ,$E3)/DQ$7 -> 0.16 | DR3: =COUNTIF(Evalucion!DR:DR,$E3)/DR$7 -> 0 | DS3: =COUNTIF(Evalucion!DS:DS,$E3)/DS$7 -> 0.46 | DT3: =COUNTIF(Evalucion!DT:DT,$E3)/DT$7 -> 0 | DU3: =COUNTIF(Evalucion!DU:DU,$E3)/DU$7 -> 0.16 | DV3: =COUNTIF(Evalucion!DV:DV,$E3)/DV$7 -> 0 | DW3: =COUNTIF(Evalucion!DW:DW,$E3)/DW$7 -> 0.46 | DX3: =COUNTIF(Evalucion!DX:DX,$E3)/DX$7 -> 0 | DY3: =COUNTIF(Evalucion!DY:DY,$E3)/DY$7 -> 0.46 | DZ3: =COUNTIF(Evalucion!DZ:DZ,$E3)/DZ$7 -> 0 | EA3: =COUNTIF(Evalucion!EA:EA,$E3)/EA$7 -> 0 | EB3: =COUNTIF(Evalucion!EB:EB,$E3)/EB$7 -> 0 | EC3: =COUNTIF(Evalucion!EC:EC,$E3)/EC$7 -> 0.2 | ED3: =COUNTIF(Evalucion!ED:ED,$E3)/ED$7 -> 0 | EE3: =COUNTIF(Evalucion!EE:EE,$E3)/EE$7 -> 0 | EF3: =COUNTIF(Evalucion!EF:EF,$E3)/EF$7 -> 0 | EG3: =COUNTIF(Evalucion!EG:EG,$E3)/EG$7 -> 0.12 | EH3: =COUNTIF(Evalucion!EH:EH,$E3)/EH$7 -> 0 | EI3: =COUNTIF(Evalucion!EI:EI,$E3)/EI$7 -> 0.42 | EJ3: =COUNTIF(Evalucion!EJ:EJ,$E3)/EJ$7 -> 0 | EK3: =COUNTIF(Evalucion!EK:EK,$E3)/EK$7 -> 0.32 | EL3: =COUNTIF(Evalucion!EL:EL,$E3)/EL$7 -> 0 | EM3: =COUNTIF(Evalucion!EM:EM,$E3)/EM$7 -> 0.12 | EN3: =COUNTIF(Evalucion!EN:EN,$E3)/EN$7 -> 0 | EO3: =COUNTIF(Evalucion!EO:EO,$E3)/EO$7 -> 0.52 | EP3: =COUNTIF(Evalucion!EP:EP,$E3)/EP$7 -> 0 | EQ3: =COUNTIF(Evalucion!EQ:EQ,$E3)/EQ$7 -> 0.52 | ER3: =COUNTIF(Evalucion!ER:ER,$E3)/ER$7 -> 0 | ES3: =COUNTIF(Evalucion!ES:ES,$E3)/ES$7 -> 0 | ET3: =COUNTIF(Evalucion!ET:ET,$E3)/ET$7 -> 0 | EU3: =COUNTIF(Evalucion!EU:EU,$E3)/EU$7 -> 0.02 | EV3: =COUNTIF(Evalucion!EV:EV,$E3)/EV$7 -> 0 | EW3: =COUNTIF(Evalucion!EW:EW,$E3)/EW$7 -> 0 | EX3: =COUNTIF(Evalucion!EX:EX,$E3)/EX$7 -> 0 | EY3: =COUNTIF(Evalucion!EY:EY,$E3)/EY$7 -> 0 | EZ3: =COUNTIF(Evalucion!EZ:EZ,$E3)/EZ$7 -> 0
E4: Confiable | F4: =COUNTIF(Evalucion!F:F,$E4)/F$7 -> 0 | G4: =COUNTIF(Evalucion!G:G,$E4)/G$7 -> 0.84 | H4: =COUNTIF(Evalucion!H:H,$E4)/H$7 -> 0 | I4: =COUNTIF(Evalucion!I:I,$E4)/I$7 -> 0.3 | J4: =COUNTIF(Evalucion!J:J,$E4)/J$7 -> 0 | K4: =COUNTIF(Evalucion!K:K,$E4)/K$7 -> 0.22 | L4: =COUNTIF(Evalucion!L:L,$E4)/L$7 -> 0 | M4: =COUNTIF(Evalucion!M:M,$E4)/M$7 -> 0.82 | N4: =COUNTIF(Evalucion!N:N,$E4)/N$7 -> 0 | O4: =COUNTIF(Evalucion!O:O,$E4)/O$7 -> 0.8 | P4: =COUNTIF(Evalucion!P:P,$E4)/P$7 -> 0 | Q4: =COUNTIF(Evalucion!Q:Q,$E4)/Q$7 -> 0.54 | R4: =COUNTIF(Evalucion!R:R,$E4)/R$7 -> 0 | S4: =COUNTIF(Evalucion!S:S,$E4)/S$7 -> 0.8 | T4: =COUNTIF(Evalucion!T:T,$E4)/T$7 -> 0 | U4: =COUNTIF(Evalucion!U:U,$E4)/U$7 -> 0.64 | V4: =COUNTIF(Evalucion!V:V,$E4)/V$7 -> 0 | W4: =COUNTIF(Evalucion!W:W,$E4)/W$7 -> 0.66 | X4: =COUNTIF(Evalucion!X:X,$E4)/X$7 -> 0 | Y4: =COUNTIF(Evalucion!Y:Y,$E4)/Y$7 -> 0.64 | Z4: =COUNTIF(Evalucion!Z:Z,$E4)/Z$7 -> 0 | AA4: =COUNTIF(Evalucion!AA:AA,$E4)/AA$7 -> 0.66 | AB4: =COUNTIF(Evalucion!AB:AB,$E4)/AB$7 -> 0 | AC4: =COUNTIF(Evalucion!AC:AC,$E4)/AC$7 -> 0.64 | AD4: =COUNTIF(Evalucion!AD:AD,$E4)/AD$7 -> 0 | AE4: =COUNTIF(Evalucion!AE:AE,$E4)/AE$7 -> 0.3 | AF4: =COUNTIF(Evalucion!AF:AF,$E4)/AF$7 -> 0 | AG4: =COUNTIF(Evalucion!AG:AG,$E4)/AG$7 -> 0.8 | AH4: =COUNTIF(Evalucion!AH:AH,$E4)/AH$7 -> #DIV/0! | AI4: =COUNTIF(Evalucion!AI:AI,$E4)/AI$7 -> #DIV/0! | AJ4: =COUNTIF(Evalucion!AJ:AJ,$E4)/AJ$7 -> #DIV/0! | AK4: =COUNTIF(Evalucion!AK:AK,$E4)/AK$7 -> #DIV/0! | AL4: =COUNTIF(Evalucion!AL:AL,$E4)/AL$7 -> #DIV/0! | AM4: =COUNTIF(Evalucion!AM:AM,$E4)/AM$7 -> #DIV/0! | AN4: =COUNTIF(Evalucion!AN:AN,$E4)/AN$7 -> #DIV/0! | AO4: =COUNTIF(Evalucion!AO:AO,$E4)/AO$7 -> #DIV/0! | AP4: =COUNTIF(Evalucion!AP:AP,$E4)/AP$7 -> 0 | AQ4: =COUNTIF(Evalucion!AQ:AQ,$E4)/AQ$7 -> 0.26 | AR4: =COUNTIF(Evalucion!AR:AR,$E4)/AR$7 -> 0 | AS4: =COUNTIF(Evalucion!AS:AS,$E4)/AS$7 -> 0.12 | AT4: =COUNTIF(Evalucion!AT:AT,$E4)/AT$7 -> 0 | AU4: =COUNTIF(Evalucion!AU:AU,$E4)/AU$7 -> 0.64 | AV4: =COUNTIF(Evalucion!AV:AV,$E4)/AV$7 -> #DIV/0! | AW4: =COUNTIF(Evalucion!AW:AW,$E4)/AW$7 -> 0 | AX4: =COUNTIF(Evalucion!AX:AX,$E4)/AX$7 -> 0.44 | AY4: =COUNTIF(Evalucion!AY:AY,$E4)/AY$7 -> 0 | AZ4: =COUNTIF(Evalucion!AZ:AZ,$E4)/AZ$7 -> 0.9 | BA4: =COUNTIF(Evalucion!BA:BA,$E4)/BA$7 -> 0 | BB4: =COUNTIF(Evalucion!BB:BB,$E4)/BB$7 -> 1 | BC4: =COUNTIF(Evalucion!BC:BC,$E4)/BC$7 -> 0 | BD4: =COUNTIF(Evalucion!BD:BD,$E4)/BD$7 -> 0.26 | BE4: =COUNTIF(Evalucion!BE:BE,$E4)/BE$7 -> 0 | BF4: =COUNTIF(Evalucion!BF:BF,$E4)/BF$7 -> 0.26 | BG4: =COUNTIF(Evalucion!BG:BG,$E4)/BG$7 -> 0 | BH4: =COUNTIF(Evalucion!BH:BH,$E4)/BH$7 -> 1 | BI4: =COUNTIF(Evalucion!BI:BI,$E4)/BI$7 -> 0 | BJ4: =COUNTIF(Evalucion!BJ:BJ,$E4)/BJ$7 -> 0.7 | BK4: =COUNTIF(Evalucion!BK:BK,$E4)/BK$7 -> 0 | BL4: =COUNTIF(Evalucion!BL:BL,$E4)/BL$7 -> 0.58 | BM4: =COUNTIF(Evalucion!BM:BM,$E4)/BM$7 -> 0 | BN4: =COUNTIF(Evalucion!BN:BN,$E4)/BN$7 -> 0.56 | BO4: =COUNTIF(Evalucion!BO:BO,$E4)/BO$7 -> 0 | BP4: =COUNTIF(Evalucion!BP:BP,$E4)/BP$7 -> 0.9 | BQ4: =COUNTIF(Evalucion!BQ:BQ,$E4)/BQ$7 -> 0 | BR4: =COUNTIF(Evalucion!BR:BR,$E4)/BR$7 -> 0.32 | BS4: =COUNTIF(Evalucion!BS:BS,$E4)/BS$7 -> 0 | BT4: =COUNTIF(Evalucion!BT:BT,$E4)/BT$7 -> 0.24 | BU4: =COUNTIF(Evalucion!BU:BU,$E4)/BU$7 -> 0 | BV4: =COUNTIF(Evalucion!BV:BV,$E4)/BV$7 -> 0.28 | BW4: =COUNTIF(Evalucion!BW:BW,$E4)/BW$7 -> 0 | BX4: =COUNTIF(Evalucion!BX:BX,$E4)/BX$7 -> 0.9 | BY4: =COUNTIF(Evalucion!BY:BY,$E4)/BY$7 -> 0 | BZ4: =COUNTIF(Evalucion!BZ:BZ,$E4)/BZ$7 -> 0.7 | CA4: =COUNTIF(Evalucion!CA:CA,$E4)/CA$7 -> 0 | CB4: =COUNTIF(Evalucion!CB:CB,$E4)/CB$7 -> 0.62 | CC4: =COUNTIF(Evalucion!CC:CC,$E4)/CC$7 -> 0 | CD4: =COUNTIF(Evalucion!CD:CD,$E4)/CD$7 -> 0.9 | CE4: =COUNTIF(Evalucion!CE:CE,$E4)/CE$7 -> 0 | CF4: =COUNTIF(Evalucion!CF:CF,$E4)/CF$7 -> 0.16 | CG4: =COUNTIF(Evalucion!CG:CG,$E4)/CG$7 -> 0 | CH4: =COUNTIF(Evalucion!CH:CH,$E4)/CH$7 -> 0.14 | CI4: =COUNTIF(Evalucion!CI:CI,$E4)/CI$7 -> 0 | CJ4: =COUNTIF(Evalucion!CJ:CJ,$E4)/CJ$7 -> 0.22 | CK4: =COUNTIF(Evalucion!CK:CK,$E4)/CK$7 -> 0 | CL4: =COUNTIF(Evalucion!CL:CL,$E4)/CL$7 -> 0.9 | CM4: =COUNTIF(Evalucion!CM:CM,$E4)/CM$7 -> 0 | CN4: =COUNTIF(Evalucion!CN:CN,$E4)/CN$7 -> 0.54 | CO4: =COUNTIF(Evalucion!CO:CO,$E4)/CO$7 -> 0 | CP4: =COUNTIF(Evalucion!CP:CP,$E4)/CP$7 -> 1 | CQ4: =COUNTIF(Evalucion!CQ:CQ,$E4)/CQ$7 -> 0 | CR4: =COUNTIF(Evalucion!CR:CR,$E4)/CR$7 -> 0.12 | CS4: =COUNTIF(Evalucion!CS:CS,$E4)/CS$7 -> 0 | CT4: =COUNTIF(Evalucion!CT:CT,$E4)/CT$7 -> 0.24 | CU4: =COUNTIF(Evalucion!CU:CU,$E4)/CU$7 -> 0 | CV4: =COUNTIF(Evalucion!CV:CV,$E4)/CV$7 -> 0.12 | CW4: =COUNTIF(Evalucion!CW:CW,$E4)/CW$7 -> 0 | CX4: =COUNTIF(Evalucion!CX:CX,$E4)/CX$7 -> 0.26 | CY4: =COUNTIF(Evalucion!CY:CY,$E4)/CY$7 -> 0 | CZ4: =COUNTIF(Evalucion!CZ:CZ,$E4)/CZ$7 -> 0.26 | DA4: =COUNTIF(Evalucion!DA:DA,$E4)/DA$7 -> 0 | DB4: =COUNTIF(Evalucion!DB:DB,$E4)/DB$7 -> 0.06 | DC4: =COUNTIF(Evalucion!DC:DC,$E4)/DC$7 -> 0 | DD4: =COUNTIF(Evalucion!DD:DD,$E4)/DD$7 -> 0.9 | DE4: =COUNTIF(Evalucion!DE:DE,$E4)/DE$7 -> 0 | DF4: =COUNTIF(Evalucion!DF:DF,$E4)/DF$7 -> 0.1 | DG4: =COUNTIF(Evalucion!DG:DG,$E4)/DG$7 -> 0 | DH4: =COUNTIF(Evalucion!DH:DH,$E4)/DH$7 -> 0.62 | DI4: =COUNTIF(Evalucion!DI:DI,$E4)/DI$7 -> 0 | DJ4: =COUNTIF(Evalucion!DJ:DJ,$E4)/DJ$7 -> 0.26 | DK4: =COUNTIF(Evalucion!DK:DK,$E4)/DK$7 -> 0 | DL4: =COUNTIF(Evalucion!DL:DL,$E4)/DL$7 -> 0.24 | DM4: =COUNTIF(Evalucion!DM:DM,$E4)/DM$7 -> 0 | DN4: =COUNTIF(Evalucion!DN:DN,$E4)/DN$7 -> 0.26 | DO4: =COUNTIF(Evalucion!DO:DO,$E4)/DO$7 -> 0 | DP4: =COUNTIF(Evalucion!DP:DP,$E4)/DP$7 -> 0.58 | DQ4: =COUNTIF(Evalucion!DQ:DQ,$E4)/DQ$7 -> 0 | DR4: =COUNTIF(Evalucion!DR:DR,$E4)/DR$7 -> 0.18 | DS4: =COUNTIF(Evalucion!DS:DS,$E4)/DS$7 -> 0 | DT4: =COUNTIF(Evalucion!DT:DT,$E4)/DT$7 -> 0.12 | DU4: =COUNTIF(Evalucion!DU:DU,$E4)/DU$7 -> 0 | DV4: =COUNTIF(Evalucion!DV:DV,$E4)/DV$7 -> 0.34 | DW4: =COUNTIF(Evalucion!DW:DW,$E4)/DW$7 -> 0 | DX4: =COUNTIF(Evalucion!DX:DX,$E4)/DX$7 -> 0.32 | DY4: =COUNTIF(Evalucion!DY:DY,$E4)/DY$7 -> 0 | DZ4: =COUNTIF(Evalucion!DZ:DZ,$E4)/DZ$7 -> 0.14 | EA4: =COUNTIF(Evalucion!EA:EA,$E4)/EA$7 -> 0 | EB4: =COUNTIF(Evalucion!EB:EB,$E4)/EB$7 -> 0.8 | EC4: =COUNTIF(Evalucion!EC:EC,$E4)/EC$7 -> 0 | ED4: =COUNTIF(Evalucion!ED:ED,$E4)/ED$7 -> 0.2 | EE4: =COUNTIF(Evalucion!EE:EE,$E4)/EE$7 -> 0 | EF4: =COUNTIF(Evalucion!EF:EF,$E4)/EF$7 -> 0.6 | EG4: =COUNTIF(Evalucion!EG:EG,$E4)/EG$7 -> 0 | EH4: =COUNTIF(Evalucion!EH:EH,$E4)/EH$7 -> 0.68 | EI4: =COUNTIF(Evalucion!EI:EI,$E4)/EI$7 -> 0 | EJ4: =COUNTIF(Evalucion!EJ:EJ,$E4)/EJ$7 -> 0.48 | EK4: =COUNTIF(Evalucion!EK:EK,$E4)/EK$7 -> 0 | EL4: =COUNTIF(Evalucion!EL:EL,$E4)/EL$7 -> 0.48 | EM4: =COUNTIF(Evalucion!EM:EM,$E4)/EM$7 -> 0 | EN4: =COUNTIF(Evalucion!EN:EN,$E4)/EN$7 -> 0.68 | EO4: =COUNTIF(Evalucion!EO:EO,$E4)/EO$7 -> 0 | EP4: =COUNTIF(Evalucion!EP:EP,$E4)/EP$7 -> 0.48 | EQ4: =COUNTIF(Evalucion!EQ:EQ,$E4)/EQ$7 -> 0 | ER4: =COUNTIF(Evalucion!ER:ER,$E4)/ER$7 -> 0.48 | ES4: =COUNTIF(Evalucion!ES:ES,$E4)/ES$7 -> 0 | ET4: =COUNTIF(Evalucion!ET:ET,$E4)/ET$7 -> 0.8 | EU4: =COUNTIF(Evalucion!EU:EU,$E4)/EU$7 -> 0 | EV4: =COUNTIF(Evalucion!EV:EV,$E4)/EV$7 -> 0.02 | EW4: =COUNTIF(Evalucion!EW:EW,$E4)/EW$7 -> 0 | EX4: =COUNTIF(Evalucion!EX:EX,$E4)/EX$7 -> 1 | EY4: =COUNTIF(Evalucion!EY:EY,$E4)/EY$7 -> 0 | EZ4: =COUNTIF(Evalucion!EZ:EZ,$E4)/EZ$7 -> 0.1
E5: Conf_CR | F5: =COUNTIF(Evalucion!F:F,$E5)/F$7 -> 0 | G5: =COUNTIF(Evalucion!G:G,$E5)/G$7 -> 0.04 | H5: =COUNTIF(Evalucion!H:H,$E5)/H$7 -> 0 | I5: =COUNTIF(Evalucion!I:I,$E5)/I$7 -> 0.14 | J5: =COUNTIF(Evalucion!J:J,$E5)/J$7 -> 0 | K5: =COUNTIF(Evalucion!K:K,$E5)/K$7 -> 0.28 | L5: =COUNTIF(Evalucion!L:L,$E5)/L$7 -> 0 | M5: =COUNTIF(Evalucion!M:M,$E5)/M$7 -> 0.18 | N5: =COUNTIF(Evalucion!N:N,$E5)/N$7 -> 0 | O5: =COUNTIF(Evalucion!O:O,$E5)/O$7 -> 0.2 | P5: =COUNTIF(Evalucion!P:P,$E5)/P$7 -> 0 | Q5: =COUNTIF(Evalucion!Q:Q,$E5)/Q$7 -> 0.12 | R5: =COUNTIF(Evalucion!R:R,$E5)/R$7 -> 0 | S5: =COUNTIF(Evalucion!S:S,$E5)/S$7 -> 0 | T5: =COUNTIF(Evalucion!T:T,$E5)/T$7 -> 0 | U5: =COUNTIF(Evalucion!U:U,$E5)/U$7 -> 0 | V5: =COUNTIF(Evalucion!V:V,$E5)/V$7 -> 0 | W5: =COUNTIF(Evalucion!W:W,$E5)/W$7 -> 0 | X5: =COUNTIF(Evalucion!X:X,$E5)/X$7 -> 0 | Y5: =COUNTIF(Evalucion!Y:Y,$E5)/Y$7 -> 0 | Z5: =COUNTIF(Evalucion!Z:Z,$E5)/Z$7 -> 0 | AA5: =COUNTIF(Evalucion!AA:AA,$E5)/AA$7 -> 0 | AB5: =COUNTIF(Evalucion!AB:AB,$E5)/AB$7 -> 0 | AC5: =COUNTIF(Evalucion!AC:AC,$E5)/AC$7 -> 0 | AD5: =COUNTIF(Evalucion!AD:AD,$E5)/AD$7 -> 0 | AE5: =COUNTIF(Evalucion!AE:AE,$E5)/AE$7 -> 0.54 | AF5: =COUNTIF(Evalucion!AF:AF,$E5)/AF$7 -> 0 | AG5: =COUNTIF(Evalucion!AG:AG,$E5)/AG$7 -> 0 | AH5: =COUNTIF(Evalucion!AH:AH,$E5)/AH$7 -> #DIV/0! | AI5: =COUNTIF(Evalucion!AI:AI,$E5)/AI$7 -> #DIV/0! | AJ5: =COUNTIF(Evalucion!AJ:AJ,$E5)/AJ$7 -> #DIV/0! | AK5: =COUNTIF(Evalucion!AK:AK,$E5)/AK$7 -> #DIV/0! | AL5: =COUNTIF(Evalucion!AL:AL,$E5)/AL$7 -> #DIV/0! | AM5: =COUNTIF(Evalucion!AM:AM,$E5)/AM$7 -> #DIV/0! | AN5: =COUNTIF(Evalucion!AN:AN,$E5)/AN$7 -> #DIV/0! | AO5: =COUNTIF(Evalucion!AO:AO,$E5)/AO$7 -> #DIV/0! | AP5: =COUNTIF(Evalucion!AP:AP,$E5)/AP$7 -> 0 | AQ5: =COUNTIF(Evalucion!AQ:AQ,$E5)/AQ$7 -> 0.74 | AR5: =COUNTIF(Evalucion!AR:AR,$E5)/AR$7 -> 0 | AS5: =COUNTIF(Evalucion!AS:AS,$E5)/AS$7 -> 0.1 | AT5: =COUNTIF(Evalucion!AT:AT,$E5)/AT$7 -> 0 | AU5: =COUNTIF(Evalucion!AU:AU,$E5)/AU$7 -> 0.32 | AV5: =COUNTIF(Evalucion!AV:AV,$E5)/AV$7 -> #DIV/0! | AW5: =COUNTIF(Evalucion!AW:AW,$E5)/AW$7 -> 0 | AX5: =COUNTIF(Evalucion!AX:AX,$E5)/AX$7 -> 0.24 | AY5: =COUNTIF(Evalucion!AY:AY,$E5)/AY$7 -> 0 | AZ5: =COUNTIF(Evalucion!AZ:AZ,$E5)/AZ$7 -> 0 | BA5: =COUNTIF(Evalucion!BA:BA,$E5)/BA$7 -> 0 | BB5: =COUNTIF(Evalucion!BB:BB,$E5)/BB$7 -> 0 | BC5: =COUNTIF(Evalucion!BC:BC,$E5)/BC$7 -> 0 | BD5: =COUNTIF(Evalucion!BD:BD,$E5)/BD$7 -> 0.02 | BE5: =COUNTIF(Evalucion!BE:BE,$E5)/BE$7 -> 0 | BF5: =COUNTIF(Evalucion!BF:BF,$E5)/BF$7 -> 0.12 | BG5: =COUNTIF(Evalucion!BG:BG,$E5)/BG$7 -> 0 | BH5: =COUNTIF(Evalucion!BH:BH,$E5)/BH$7 -> 0 | BI5: =COUNTIF(Evalucion!BI:BI,$E5)/BI$7 -> 0 | BJ5: =COUNTIF(Evalucion!BJ:BJ,$E5)/BJ$7 -> 0.02 | BK5: =COUNTIF(Evalucion!BK:BK,$E5)/BK$7 -> 0 | BL5: =COUNTIF(Evalucion!BL:BL,$E5)/BL$7 -> 0.02 | BM5: =COUNTIF(Evalucion!BM:BM,$E5)/BM$7 -> 0 | BN5: =COUNTIF(Evalucion!BN:BN,$E5)/BN$7 -> 0.04 | BO5: =COUNTIF(Evalucion!BO:BO,$E5)/BO$7 -> 0 | BP5: =COUNTIF(Evalucion!BP:BP,$E5)/BP$7 -> 0 | BQ5: =COUNTIF(Evalucion!BQ:BQ,$E5)/BQ$7 -> 0 | BR5: =COUNTIF(Evalucion!BR:BR,$E5)/BR$7 -> 0.26 | BS5: =COUNTIF(Evalucion!BS:BS,$E5)/BS$7 -> 0 | BT5: =COUNTIF(Evalucion!BT:BT,$E5)/BT$7 -> 0.24 | BU5: =COUNTIF(Evalucion!BU:BU,$E5)/BU$7 -> 0 | BV5: =COUNTIF(Evalucion!BV:BV,$E5)/BV$7 -> 0.42 | BW5: =COUNTIF(Evalucion!BW:BW,$E5)/BW$7 -> 0 | BX5: =COUNTIF(Evalucion!BX:BX,$E5)/BX$7 -> 0.1 | BY5: =COUNTIF(Evalucion!BY:BY,$E5)/BY$7 -> 0 | BZ5: =COUNTIF(Evalucion!BZ:BZ,$E5)/BZ$7 -> 0 | CA5: =COUNTIF(Evalucion!CA:CA,$E5)/CA$7 -> 0 | CB5: =COUNTIF(Evalucion!CB:CB,$E5)/CB$7 -> 0.02 | CC5: =COUNTIF(Evalucion!CC:CC,$E5)/CC$7 -> 0 | CD5: =COUNTIF(Evalucion!CD:CD,$E5)/CD$7 -> 0.1 | CE5: =COUNTIF(Evalucion!CE:CE,$E5)/CE$7 -> 0 | CF5: =COUNTIF(Evalucion!CF:CF,$E5)/CF$7 -> 0.64 | CG5: =COUNTIF(Evalucion!CG:CG,$E5)/CG$7 -> 0 | CH5: =COUNTIF(Evalucion!CH:CH,$E5)/CH$7 -> 0.26 | CI5: =COUNTIF(Evalucion!CI:CI,$E5)/CI$7 -> 0 | CJ5: =COUNTIF(Evalucion!CJ:CJ,$E5)/CJ$7 -> 0.56 | CK5: =COUNTIF(Evalucion!CK:CK,$E5)/CK$7 -> 0 | CL5: =COUNTIF(Evalucion!CL:CL,$E5)/CL$7 -> 0 | CM5: =COUNTIF(Evalucion!CM:CM,$E5)/CM$7 -> 0 | CN5: =COUNTIF(Evalucion!CN:CN,$E5)/CN$7 -> 0.46 | CO5: =COUNTIF(Evalucion!CO:CO,$E5)/CO$7 -> 0 | CP5: =COUNTIF(Evalucion!CP:CP,$E5)/CP$7 -> 0 | CQ5: =COUNTIF(Evalucion!CQ:CQ,$E5)/CQ$7 -> 0 | CR5: =COUNTIF(Evalucion!CR:CR,$E5)/CR$7 -> 0.4 | CS5: =COUNTIF(Evalucion!CS:CS,$E5)/CS$7 -> 0 | CT5: =COUNTIF(Evalucion!CT:CT,$E5)/CT$7 -> 0.48 | CU5: =COUNTIF(Evalucion!CU:CU,$E5)/CU$7 -> 0 | CV5: =COUNTIF(Evalucion!CV:CV,$E5)/CV$7 -> 0.48 | CW5: =COUNTIF(Evalucion!CW:CW,$E5)/CW$7 -> 0 | CX5: =COUNTIF(Evalucion!CX:CX,$E5)/CX$7 -> 0.64 | CY5: =COUNTIF(Evalucion!CY:CY,$E5)/CY$7 -> 0 | CZ5: =COUNTIF(Evalucion!CZ:CZ,$E5)/CZ$7 -> 0.64 | DA5: =COUNTIF(Evalucion!DA:DA,$E5)/DA$7 -> 0 | DB5: =COUNTIF(Evalucion!DB:DB,$E5)/DB$7 -> 0.78 | DC5: =COUNTIF(Evalucion!DC:DC,$E5)/DC$7 -> 0 | DD5: =COUNTIF(Evalucion!DD:DD,$E5)/DD$7 -> 0 | DE5: =COUNTIF(Evalucion!DE:DE,$E5)/DE$7 -> 0 | DF5: =COUNTIF(Evalucion!DF:DF,$E5)/DF$7 -> 0.14 | DG5: =COUNTIF(Evalucion!DG:DG,$E5)/DG$7 -> 0 | DH5: =COUNTIF(Evalucion!DH:DH,$E5)/DH$7 -> 0.36 | DI5: =COUNTIF(Evalucion!DI:DI,$E5)/DI$7 -> 0 | DJ5: =COUNTIF(Evalucion!DJ:DJ,$E5)/DJ$7 -> 0 | DK5: =COUNTIF(Evalucion!DK:DK,$E5)/DK$7 -> 0 | DL5: =COUNTIF(Evalucion!DL:DL,$E5)/DL$7 -> 0.08 | DM5: =COUNTIF(Evalucion!DM:DM,$E5)/DM$7 -> 0 | DN5: =COUNTIF(Evalucion!DN:DN,$E5)/DN$7 -> 0.24 | DO5: =COUNTIF(Evalucion!DO:DO,$E5)/DO$7 -> 0 | DP5: =COUNTIF(Evalucion!DP:DP,$E5)/DP$7 -> 0 | DQ5: =COUNTIF(Evalucion!DQ:DQ,$E5)/DQ$7 -> 0 | DR5: =COUNTIF(Evalucion!DR:DR,$E5)/DR$7 -> 0.56 | DS5: =COUNTIF(Evalucion!DS:DS,$E5)/DS$7 -> 0 | DT5: =COUNTIF(Evalucion!DT:DT,$E5)/DT$7 -> 0.42 | DU5: =COUNTIF(Evalucion!DU:DU,$E5)/DU$7 -> 0 | DV5: =COUNTIF(Evalucion!DV:DV,$E5)/DV$7 -> 0.4 | DW5: =COUNTIF(Evalucion!DW:DW,$E5)/DW$7 -> 0 | DX5: =COUNTIF(Evalucion!DX:DX,$E5)/DX$7 -> 0.22 | DY5: =COUNTIF(Evalucion!DY:DY,$E5)/DY$7 -> 0 | DZ5: =COUNTIF(Evalucion!DZ:DZ,$E5)/DZ$7 -> 0.38 | EA5: =COUNTIF(Evalucion!EA:EA,$E5)/EA$7 -> 0 | EB5: =COUNTIF(Evalucion!EB:EB,$E5)/EB$7 -> 0 | EC5: =COUNTIF(Evalucion!EC:EC,$E5)/EC$7 -> 0 | ED5: =COUNTIF(Evalucion!ED:ED,$E5)/ED$7 -> 0.6 | EE5: =COUNTIF(Evalucion!EE:EE,$E5)/EE$7 -> 0 | EF5: =COUNTIF(Evalucion!EF:EF,$E5)/EF$7 -> 0 | EG5: =COUNTIF(Evalucion!EG:EG,$E5)/EG$7 -> 0 | EH5: =COUNTIF(Evalucion!EH:EH,$E5)/EH$7 -> 0.14 | EI5: =COUNTIF(Evalucion!EI:EI,$E5)/EI$7 -> 0 | EJ5: =COUNTIF(Evalucion!EJ:EJ,$E5)/EJ$7 -> 0.04 | EK5: =COUNTIF(Evalucion!EK:EK,$E5)/EK$7 -> 0 | EL5: =COUNTIF(Evalucion!EL:EL,$E5)/EL$7 -> 0.12 | EM5: =COUNTIF(Evalucion!EM:EM,$E5)/EM$7 -> 0 | EN5: =COUNTIF(Evalucion!EN:EN,$E5)/EN$7 -> 0.12 | EO5: =COUNTIF(Evalucion!EO:EO,$E5)/EO$7 -> 0 | EP5: =COUNTIF(Evalucion!EP:EP,$E5)/EP$7 -> 0.06 | EQ5: =COUNTIF(Evalucion!EQ:EQ,$E5)/EQ$7 -> 0 | ER5: =COUNTIF(Evalucion!ER:ER,$E5)/ER$7 -> 0 | ES5: =COUNTIF(Evalucion!ES:ES,$E5)/ES$7 -> 0 | ET5: =COUNTIF(Evalucion!ET:ET,$E5)/ET$7 -> 0 | EU5: =COUNTIF(Evalucion!EU:EU,$E5)/EU$7 -> 0 | EV5: =COUNTIF(Evalucion!EV:EV,$E5)/EV$7 -> 0.34 | EW5: =COUNTIF(Evalucion!EW:EW,$E5)/EW$7 -> 0 | EX5: =COUNTIF(Evalucion!EX:EX,$E5)/EX$7 -> 0 | EY5: =COUNTIF(Evalucion!EY:EY,$E5)/EY$7 -> 0 | EZ5: =COUNTIF(Evalucion!EZ:EZ,$E5)/EZ$7 -> 0.7
E6: NO_Conf | F6: =COUNTIF(Evalucion!F:F,$E6)/F$7 -> 0 | G6: =COUNTIF(Evalucion!G:G,$E6)/G$7 -> 0.12 | H6: =COUNTIF(Evalucion!H:H,$E6)/H$7 -> 0 | I6: =COUNTIF(Evalucion!I:I,$E6)/I$7 -> 0.56 | J6: =COUNTIF(Evalucion!J:J,$E6)/J$7 -> 0 | K6: =COUNTIF(Evalucion!K:K,$E6)/K$7 -> 0.5 | L6: =COUNTIF(Evalucion!L:L,$E6)/L$7 -> 0 | M6: =COUNTIF(Evalucion!M:M,$E6)/M$7 -> 0 | N6: =COUNTIF(Evalucion!N:N,$E6)/N$7 -> 0 | O6: =COUNTIF(Evalucion!O:O,$E6)/O$7 -> 0 | P6: =COUNTIF(Evalucion!P:P,$E6)/P$7 -> 0 | Q6: =COUNTIF(Evalucion!Q:Q,$E6)/Q$7 -> 0.34 | R6: =COUNTIF(Evalucion!R:R,$E6)/R$7 -> 0 | S6: =COUNTIF(Evalucion!S:S,$E6)/S$7 -> 0.2 | T6: =COUNTIF(Evalucion!T:T,$E6)/T$7 -> 0 | U6: =COUNTIF(Evalucion!U:U,$E6)/U$7 -> 0.36 | V6: =COUNTIF(Evalucion!V:V,$E6)/V$7 -> 0 | W6: =COUNTIF(Evalucion!W:W,$E6)/W$7 -> 0.34 | X6: =COUNTIF(Evalucion!X:X,$E6)/X$7 -> 0 | Y6: =COUNTIF(Evalucion!Y:Y,$E6)/Y$7 -> 0.36 | Z6: =COUNTIF(Evalucion!Z:Z,$E6)/Z$7 -> 0 | AA6: =COUNTIF(Evalucion!AA:AA,$E6)/AA$7 -> 0.34 | AB6: =COUNTIF(Evalucion!AB:AB,$E6)/AB$7 -> 0 | AC6: =COUNTIF(Evalucion!AC:AC,$E6)/AC$7 -> 0.36 | AD6: =COUNTIF(Evalucion!AD:AD,$E6)/AD$7 -> 0 | AE6: =COUNTIF(Evalucion!AE:AE,$E6)/AE$7 -> 0.16 | AF6: =COUNTIF(Evalucion!AF:AF,$E6)/AF$7 -> 0 | AG6: =COUNTIF(Evalucion!AG:AG,$E6)/AG$7 -> 0.2 | AH6: =COUNTIF(Evalucion!AH:AH,$E6)/AH$7 -> #DIV/0! | AI6: =COUNTIF(Evalucion!AI:AI,$E6)/AI$7 -> #DIV/0! | AJ6: =COUNTIF(Evalucion!AJ:AJ,$E6)/AJ$7 -> #DIV/0! | AK6: =COUNTIF(Evalucion!AK:AK,$E6)/AK$7 -> #DIV/0! | AL6: =COUNTIF(Evalucion!AL:AL,$E6)/AL$7 -> #DIV/0! | AM6: =COUNTIF(Evalucion!AM:AM,$E6)/AM$7 -> #DIV/0! | AN6: =COUNTIF(Evalucion!AN:AN,$E6)/AN$7 -> #DIV/0! | AO6: =COUNTIF(Evalucion!AO:AO,$E6)/AO$7 -> #DIV/0! | AP6: =COUNTIF(Evalucion!AP:AP,$E6)/AP$7 -> 0 | AQ6: =COUNTIF(Evalucion!AQ:AQ,$E6)/AQ$7 -> 0 | AR6: =COUNTIF(Evalucion!AR:AR,$E6)/AR$7 -> 0 | AS6: =COUNTIF(Evalucion!AS:AS,$E6)/AS$7 -> 0.78 | AT6: =COUNTIF(Evalucion!AT:AT,$E6)/AT$7 -> 0 | AU6: =COUNTIF(Evalucion!AU:AU,$E6)/AU$7 -> 0.04 | AV6: =COUNTIF(Evalucion!AV:AV,$E6)/AV$7 -> #DIV/0! | AW6: =COUNTIF(Evalucion!AW:AW,$E6)/AW$7 -> 0 | AX6: =COUNTIF(Evalucion!AX:AX,$E6)/AX$7 -> 0.32 | AY6: =COUNTIF(Evalucion!AY:AY,$E6)/AY$7 -> 0 | AZ6: =COUNTIF(Evalucion!AZ:AZ,$E6)/AZ$7 -> 0.1 | BA6: =COUNTIF(Evalucion!BA:BA,$E6)/BA$7 -> 0 | BB6: =COUNTIF(Evalucion!BB:BB,$E6)/BB$7 -> 0 | BC6: =COUNTIF(Evalucion!BC:BC,$E6)/BC$7 -> 0 | BD6: =COUNTIF(Evalucion!BD:BD,$E6)/BD$7 -> 0.72 | BE6: =COUNTIF(Evalucion!BE:BE,$E6)/BE$7 -> 0 | BF6: =COUNTIF(Evalucion!BF:BF,$E6)/BF$7 -> 0.62 | BG6: =COUNTIF(Evalucion!BG:BG,$E6)/BG$7 -> 0 | BH6: =COUNTIF(Evalucion!BH:BH,$E6)/BH$7 -> 0 | BI6: =COUNTIF(Evalucion!BI:BI,$E6)/BI$7 -> 0 | BJ6: =COUNTIF(Evalucion!BJ:BJ,$E6)/BJ$7 -> 0.28 | BK6: =COUNTIF(Evalucion!BK:BK,$E6)/BK$7 -> 0 | BL6: =COUNTIF(Evalucion!BL:BL,$E6)/BL$7 -> 0.4 | BM6: =COUNTIF(Evalucion!BM:BM,$E6)/BM$7 -> 0 | BN6: =COUNTIF(Evalucion!BN:BN,$E6)/BN$7 -> 0.4 | BO6: =COUNTIF(Evalucion!BO:BO,$E6)/BO$7 -> 0 | BP6: =COUNTIF(Evalucion!BP:BP,$E6)/BP$7 -> 0.1 | BQ6: =COUNTIF(Evalucion!BQ:BQ,$E6)/BQ$7 -> 0 | BR6: =COUNTIF(Evalucion!BR:BR,$E6)/BR$7 -> 0.42 | BS6: =COUNTIF(Evalucion!BS:BS,$E6)/BS$7 -> 0 | BT6: =COUNTIF(Evalucion!BT:BT,$E6)/BT$7 -> 0.52 | BU6: =COUNTIF(Evalucion!BU:BU,$E6)/BU$7 -> 0 | BV6: =COUNTIF(Evalucion!BV:BV,$E6)/BV$7 -> 0.3 | BW6: =COUNTIF(Evalucion!BW:BW,$E6)/BW$7 -> 0 | BX6: =COUNTIF(Evalucion!BX:BX,$E6)/BX$7 -> 0 | BY6: =COUNTIF(Evalucion!BY:BY,$E6)/BY$7 -> 0 | BZ6: =COUNTIF(Evalucion!BZ:BZ,$E6)/BZ$7 -> 0.3 | CA6: =COUNTIF(Evalucion!CA:CA,$E6)/CA$7 -> 0 | CB6: =COUNTIF(Evalucion!CB:CB,$E6)/CB$7 -> 0.36 | CC6: =COUNTIF(Evalucion!CC:CC,$E6)/CC$7 -> 0 | CD6: =COUNTIF(Evalucion!CD:CD,$E6)/CD$7 -> 0 | CE6: =COUNTIF(Evalucion!CE:CE,$E6)/CE$7 -> 0 | CF6: =COUNTIF(Evalucion!CF:CF,$E6)/CF$7 -> 0.2 | CG6: =COUNTIF(Evalucion!CG:CG,$E6)/CG$7 -> 0 | CH6: =COUNTIF(Evalucion!CH:CH,$E6)/CH$7 -> 0.6 | CI6: =COUNTIF(Evalucion!CI:CI,$E6)/CI$7 -> 0 | CJ6: =COUNTIF(Evalucion!CJ:CJ,$E6)/CJ$7 -> 0.22 | CK6: =COUNTIF(Evalucion!CK:CK,$E6)/CK$7 -> 0 | CL6: =COUNTIF(Evalucion!CL:CL,$E6)/CL$7 -> 0.1 | CM6: =COUNTIF(Evalucion!CM:CM,$E6)/CM$7 -> 0 | CN6: =COUNTIF(Evalucion!CN:CN,$E6)/CN$7 -> 0 | CO6: =COUNTIF(Evalucion!CO:CO,$E6)/CO$7 -> 0 | CP6: =COUNTIF(Evalucion!CP:CP,$E6)/CP$7 -> 0 | CQ6: =COUNTIF(Evalucion!CQ:CQ,$E6)/CQ$7 -> 0 | CR6: =COUNTIF(Evalucion!CR:CR,$E6)/CR$7 -> 0.48 | CS6: =COUNTIF(Evalucion!CS:CS,$E6)/CS$7 -> 0 | CT6: =COUNTIF(Evalucion!CT:CT,$E6)/CT$7 -> 0.28 | CU6: =COUNTIF(Evalucion!CU:CU,$E6)/CU$7 -> 0 | CV6: =COUNTIF(Evalucion!CV:CV,$E6)/CV$7 -> 0.4 | CW6: =COUNTIF(Evalucion!CW:CW,$E6)/CW$7 -> 0 | CX6: =COUNTIF(Evalucion!CX:CX,$E6)/CX$7 -> 0.1 | CY6: =COUNTIF(Evalucion!CY:CY,$E6)/CY$7 -> 0 | CZ6: =COUNTIF(Evalucion!CZ:CZ,$E6)/CZ$7 -> 0.1 | DA6: =COUNTIF(Evalucion!DA:DA,$E6)/DA$7 -> 0 | DB6: =COUNTIF(Evalucion!DB:DB,$E6)/DB$7 -> 0.16 | DC6: =COUNTIF(Evalucion!DC:DC,$E6)/DC$7 -> 0 | DD6: =COUNTIF(Evalucion!DD:DD,$E6)/DD$7 -> 0.1 | DE6: =COUNTIF(Evalucion!DE:DE,$E6)/DE$7 -> 0 | DF6: =COUNTIF(Evalucion!DF:DF,$E6)/DF$7 -> 0.76 | DG6: =COUNTIF(Evalucion!DG:DG,$E6)/DG$7 -> 0 | DH6: =COUNTIF(Evalucion!DH:DH,$E6)/DH$7 -> 0.02 | DI6: =COUNTIF(Evalucion!DI:DI,$E6)/DI$7 -> 0 | DJ6: =COUNTIF(Evalucion!DJ:DJ,$E6)/DJ$7 -> 0.74 | DK6: =COUNTIF(Evalucion!DK:DK,$E6)/DK$7 -> 0 | DL6: =COUNTIF(Evalucion!DL:DL,$E6)/DL$7 -> 0.68 | DM6: =COUNTIF(Evalucion!DM:DM,$E6)/DM$7 -> 0 | DN6: =COUNTIF(Evalucion!DN:DN,$E6)/DN$7 -> 0.5 | DO6: =COUNTIF(Evalucion!DO:DO,$E6)/DO$7 -> 0 | DP6: =COUNTIF(Evalucion!DP:DP,$E6)/DP$7 -> 0.42 | DQ6: =COUNTIF(Evalucion!DQ:DQ,$E6)/DQ$7 -> 0 | DR6: =COUNTIF(Evalucion!DR:DR,$E6)/DR$7 -> 0.26 | DS6: =COUNTIF(Evalucion!DS:DS,$E6)/DS$7 -> 0 | DT6: =COUNTIF(Evalucion!DT:DT,$E6)/DT$7 -> 0.46 | DU6: =COUNTIF(Evalucion!DU:DU,$E6)/DU$7 -> 0 | DV6: =COUNTIF(Evalucion!DV:DV,$E6)/DV$7 -> 0.26 | DW6: =COUNTIF(Evalucion!DW:DW,$E6)/DW$7 -> 0 | DX6: =COUNTIF(Evalucion!DX:DX,$E6)/DX$7 -> 0.46 | DY6: =COUNTIF(Evalucion!DY:DY,$E6)/DY$7 -> 0 | DZ6: =COUNTIF(Evalucion!DZ:DZ,$E6)/DZ$7 -> 0.48 | EA6: =COUNTIF(Evalucion!EA:EA,$E6)/EA$7 -> 0 | EB6: =COUNTIF(Evalucion!EB:EB,$E6)/EB$7 -> 0.2 | EC6: =COUNTIF(Evalucion!EC:EC,$E6)/EC$7 -> 0 | ED6: =COUNTIF(Evalucion!ED:ED,$E6)/ED$7 -> 0.2 | EE6: =COUNTIF(Evalucion!EE:EE,$E6)/EE$7 -> 0 | EF6: =COUNTIF(Evalucion!EF:EF,$E6)/EF$7 -> 0.4 | EG6: =COUNTIF(Evalucion!EG:EG,$E6)/EG$7 -> 0 | EH6: =COUNTIF(Evalucion!EH:EH,$E6)/EH$7 -> 0.18 | EI6: =COUNTIF(Evalucion!EI:EI,$E6)/EI$7 -> 0 | EJ6: =COUNTIF(Evalucion!EJ:EJ,$E6)/EJ$7 -> 0.48 | EK6: =COUNTIF(Evalucion!EK:EK,$E6)/EK$7 -> 0 | EL6: =COUNTIF(Evalucion!EL:EL,$E6)/EL$7 -> 0.4 | EM6: =COUNTIF(Evalucion!EM:EM,$E6)/EM$7 -> 0 | EN6: =COUNTIF(Evalucion!EN:EN,$E6)/EN$7 -> 0.2 | EO6: =COUNTIF(Evalucion!EO:EO,$E6)/EO$7 -> 0 | EP6: =COUNTIF(Evalucion!EP:EP,$E6)/EP$7 -> 0.46 | EQ6: =COUNTIF(Evalucion!EQ:EQ,$E6)/EQ$7 -> 0 | ER6: =COUNTIF(Evalucion!ER:ER,$E6)/ER$7 -> 0.52 | ES6: =COUNTIF(Evalucion!ES:ES,$E6)/ES$7 -> 0 | ET6: =COUNTIF(Evalucion!ET:ET,$E6)/ET$7 -> 0.2 | EU6: =COUNTIF(Evalucion!EU:EU,$E6)/EU$7 -> 0 | EV6: =COUNTIF(Evalucion!EV:EV,$E6)/EV$7 -> 0.64 | EW6: =COUNTIF(Evalucion!EW:EW,$E6)/EW$7 -> 0 | EX6: =COUNTIF(Evalucion!EX:EX,$E6)/EX$7 -> 0 | EY6: =COUNTIF(Evalucion!EY:EY,$E6)/EY$7 -> 0 | EZ6: =COUNTIF(Evalucion!EZ:EZ,$E6)/EZ$7 -> 0.2
F7: =COUNTIF(Evalucion!F:F,$E3)+COUNTIF(Evalucion!F:F,$E2)+COUNTIF(Evalucion!F:F,$E4)+COUNTIF(Evalucion!F:F,$E5)+COUNTIF(Evalucion!F:F,$E6) -> 50 | G7: =COUNTIF(Evalucion!G:G,$E3)+COUNTIF(Evalucion!G:G,$E2)+COUNTIF(Evalucion!G:G,$E4)+COUNTIF(Evalucion!G:G,$E5)+COUNTIF(Evalucion!G:G,$E6) -> 50 | H7: =COUNTIF(Evalucion!H:H,$E3)+COUNTIF(Evalucion!H:H,$E2)+COUNTIF(Evalucion!H:H,$E4)+COUNTIF(Evalucion!H:H,$E5)+COUNTIF(Evalucion!H:H,$E6) -> 50 | I7: =COUNTIF(Evalucion!I:I,$E3)+COUNTIF(Evalucion!I:I,$E2)+COUNTIF(Evalucion!I:I,$E4)+COUNTIF(Evalucion!I:I,$E5)+COUNTIF(Evalucion!I:I,$E6) -> 50 | J7: =COUNTIF(Evalucion!J:J,$E3)+COUNTIF(Evalucion!J:J,$E2)+COUNTIF(Evalucion!J:J,$E4)+COUNTIF(Evalucion!J:J,$E5)+COUNTIF(Evalucion!J:J,$E6) -> 50 | K7: =COUNTIF(Evalucion!K:K,$E3)+COUNTIF(Evalucion!K:K,$E2)+COUNTIF(Evalucion!K:K,$E4)+COUNTIF(Evalucion!K:K,$E5)+COUNTIF(Evalucion!K:K,$E6) -> 50 | L7: =COUNTIF(Evalucion!L:L,$E3)+COUNTIF(Evalucion!L:L,$E2)+COUNTIF(Evalucion!L:L,$E4)+COUNTIF(Evalucion!L:L,$E5)+COUNTIF(Evalucion!L:L,$E6) -> 50 | M7: =COUNTIF(Evalucion!M:M,$E3)+COUNTIF(Evalucion!M:M,$E2)+COUNTIF(Evalucion!M:M,$E4)+COUNTIF(Evalucion!M:M,$E5)+COUNTIF(Evalucion!M:M,$E6) -> 50 | N7: =COUNTIF(Evalucion!N:N,$E3)+COUNTIF(Evalucion!N:N,$E2)+COUNTIF(Evalucion!N:N,$E4)+COUNTIF(Evalucion!N:N,$E5)+COUNTIF(Evalucion!N:N,$E6) -> 50 | O7: =COUNTIF(Evalucion!O:O,$E3)+COUNTIF(Evalucion!O:O,$E2)+COUNTIF(Evalucion!O:O,$E4)+COUNTIF(Evalucion!O:O,$E5)+COUNTIF(Evalucion!O:O,$E6) -> 50 | P7: =COUNTIF(Evalucion!P:P,$E3)+COUNTIF(Evalucion!P:P,$E2)+COUNTIF(Evalucion!P:P,$E4)+COUNTIF(Evalucion!P:P,$E5)+COUNTIF(Evalucion!P:P,$E6) -> 50 | Q7: =COUNTIF(Evalucion!Q:Q,$E3)+COUNTIF(Evalucion!Q:Q,$E2)+COUNTIF(Evalucion!Q:Q,$E4)+COUNTIF(Evalucion!Q:Q,$E5)+COUNTIF(Evalucion!Q:Q,$E6) -> 50 | R7: =COUNTIF(Evalucion!R:R,$E3)+COUNTIF(Evalucion!R:R,$E2)+COUNTIF(Evalucion!R:R,$E4)+COUNTIF(Evalucion!R:R,$E5)+COUNTIF(Evalucion!R:R,$E6) -> 50 | S7: =COUNTIF(Evalucion!S:S,$E3)+COUNTIF(Evalucion!S:S,$E2)+COUNTIF(Evalucion!S:S,$E4)+COUNTIF(Evalucion!S:S,$E5)+COUNTIF(Evalucion!S:S,$E6) -> 50 | T7: =COUNTIF(Evalucion!T:T,$E3)+COUNTIF(Evalucion!T:T,$E2)+COUNTIF(Evalucion!T:T,$E4)+COUNTIF(Evalucion!T:T,$E5)+COUNTIF(Evalucion!T:T,$E6) -> 50 | U7: =COUNTIF(Evalucion!U:U,$E3)+COUNTIF(Evalucion!U:U,$E2)+COUNTIF(Evalucion!U:U,$E4)+COUNTIF(Evalucion!U:U,$E5)+COUNTIF(Evalucion!U:U,$E6) -> 50 | V7: =COUNTIF(Evalucion!V:V,$E3)+COUNTIF(Evalucion!V:V,$E2)+COUNTIF(Evalucion!V:V,$E4)+COUNTIF(Evalucion!V:V,$E5)+COUNTIF(Evalucion!V:V,$E6) -> 50 | W7: =COUNTIF(Evalucion!W:W,$E3)+COUNTIF(Evalucion!W:W,$E2)+COUNTIF(Evalucion!W:W,$E4)+COUNTIF(Evalucion!W:W,$E5)+COUNTIF(Evalucion!W:W,$E6) -> 50 | X7: =COUNTIF(Evalucion!X:X,$E3)+COUNTIF(Evalucion!X:X,$E2)+COUNTIF(Evalucion!X:X,$E4)+COUNTIF(Evalucion!X:X,$E5)+COUNTIF(Evalucion!X:X,$E6) -> 50 | Y7: =COUNTIF(Evalucion!Y:Y,$E3)+COUNTIF(Evalucion!Y:Y,$E2)+COUNTIF(Evalucion!Y:Y,$E4)+COUNTIF(Evalucion!Y:Y,$E5)+COUNTIF(Evalucion!Y:Y,$E6) -> 50 | Z7: =COUNTIF(Evalucion!Z:Z,$E3)+COUNTIF(Evalucion!Z:Z,$E2)+COUNTIF(Evalucion!Z:Z,$E4)+COUNTIF(Evalucion!Z:Z,$E5)+COUNTIF(Evalucion!Z:Z,$E6) -> 50 | AA7: =COUNTIF(Evalucion!AA:AA,$E3)+COUNTIF(Evalucion!AA:AA,$E2)+COUNTIF(Evalucion!AA:AA,$E4)+COUNTIF(Evalucion!AA:AA,$E5)+COUNTIF(Evalucion!AA:AA,$E6) -> 50 | AB7: =COUNTIF(Evalucion!AB:AB,$E3)+COUNTIF(Evalucion!AB:AB,$E2)+COUNTIF(Evalucion!AB:AB,$E4)+COUNTIF(Evalucion!AB:AB,$E5)+COUNTIF(Evalucion!AB:AB,$E6) -> 50 | AC7: =COUNTIF(Evalucion!AC:AC,$E3)+COUNTIF(Evalucion!AC:AC,$E2)+COUNTIF(Evalucion!AC:AC,$E4)+COUNTIF(Evalucion!AC:AC,$E5)+COUNTIF(Evalucion!AC:AC,$E6) -> 50 | AD7: =COUNTIF(Evalucion!AD:AD,$E3)+COUNTIF(Evalucion!AD:AD,$E2)+COUNTIF(Evalucion!AD:AD,$E4)+COUNTIF(Evalucion!AD:AD,$E5)+COUNTIF(Evalucion!AD:AD,$E6) -> 50 | AE7: =COUNTIF(Evalucion!AE:AE,$E3)+COUNTIF(Evalucion!AE:AE,$E2)+COUNTIF(Evalucion!AE:AE,$E4)+COUNTIF(Evalucion!AE:AE,$E5)+COUNTIF(Evalucion!AE:AE,$E6) -> 50 | AF7: =COUNTIF(Evalucion!AF:AF,$E3)+COUNTIF(Evalucion!AF:AF,$E2)+COUNTIF(Evalucion!AF:AF,$E4)+COUNTIF(Evalucion!AF:AF,$E5)+COUNTIF(Evalucion!AF:AF,$E6) -> 50 | AG7: =COUNTIF(Evalucion!AG:AG,$E3)+COUNTIF(Evalucion!AG:AG,$E2)+COUNTIF(Evalucion!AG:AG,$E4)+COUNTIF(Evalucion!AG:AG,$E5)+COUNTIF(Evalucion!AG:AG,$E6) -> 50 | AH7: =COUNTIF(Evalucion!AH:AH,$E3)+COUNTIF(Evalucion!AH:AH,$E2)+COUNTIF(Evalucion!AH:AH,$E4)+COUNTIF(Evalucion!AH:AH,$E5)+COUNTIF(Evalucion!AH:AH,$E6) -> 0 | AI7: =COUNTIF(Evalucion!AI:AI,$E3)+COUNTIF(Evalucion!AI:AI,$E2)+COUNTIF(Evalucion!AI:AI,$E4)+COUNTIF(Evalucion!AI:AI,$E5)+COUNTIF(Evalucion!AI:AI,$E6) -> 0 | AJ7: =COUNTIF(Evalucion!AJ:AJ,$E3)+COUNTIF(Evalucion!AJ:AJ,$E2)+COUNTIF(Evalucion!AJ:AJ,$E4)+COUNTIF(Evalucion!AJ:AJ,$E5)+COUNTIF(Evalucion!AJ:AJ,$E6) -> 0 | AK7: =COUNTIF(Evalucion!AK:AK,$E3)+COUNTIF(Evalucion!AK:AK,$E2)+COUNTIF(Evalucion!AK:AK,$E4)+COUNTIF(Evalucion!AK:AK,$E5)+COUNTIF(Evalucion!AK:AK,$E6) -> 0 | AL7: =COUNTIF(Evalucion!AL:AL,$E3)+COUNTIF(Evalucion!AL:AL,$E2)+COUNTIF(Evalucion!AL:AL,$E4)+COUNTIF(Evalucion!AL:AL,$E5)+COUNTIF(Evalucion!AL:AL,$E6) -> 0 | AM7: =COUNTIF(Evalucion!AM:AM,$E3)+COUNTIF(Evalucion!AM:AM,$E2)+COUNTIF(Evalucion!AM:AM,$E4)+COUNTIF(Evalucion!AM:AM,$E5)+COUNTIF(Evalucion!AM:AM,$E6) -> 0 | AN7: =COUNTIF(Evalucion!AN:AN,$E3)+COUNTIF(Evalucion!AN:AN,$E2)+COUNTIF(Evalucion!AN:AN,$E4)+COUNTIF(Evalucion!AN:AN,$E5)+COUNTIF(Evalucion!AN:AN,$E6) -> 0 | AO7: =COUNTIF(Evalucion!AO:AO,$E3)+COUNTIF(Evalucion!AO:AO,$E2)+COUNTIF(Evalucion!AO:AO,$E4)+COUNTIF(Evalucion!AO:AO,$E5)+COUNTIF(Evalucion!AO:AO,$E6) -> 0 | AP7: =COUNTIF(Evalucion!AP:AP,$E3)+COUNTIF(Evalucion!AP:AP,$E2)+COUNTIF(Evalucion!AP:AP,$E4)+COUNTIF(Evalucion!AP:AP,$E5)+COUNTIF(Evalucion!AP:AP,$E6) -> 50 | AQ7: =COUNTIF(Evalucion!AQ:AQ,$E3)+COUNTIF(Evalucion!AQ:AQ,$E2)+COUNTIF(Evalucion!AQ:AQ,$E4)+COUNTIF(Evalucion!AQ:AQ,$E5)+COUNTIF(Evalucion!AQ:AQ,$E6) -> 50 | AR7: =COUNTIF(Evalucion!AR:AR,$E3)+COUNTIF(Evalucion!AR:AR,$E2)+COUNTIF(Evalucion!AR:AR,$E4)+COUNTIF(Evalucion!AR:AR,$E5)+COUNTIF(Evalucion!AR:AR,$E6) -> 50 | AS7: =COUNTIF(Evalucion!AS:AS,$E3)+COUNTIF(Evalucion!AS:AS,$E2)+COUNTIF(Evalucion!AS:AS,$E4)+COUNTIF(Evalucion!AS:AS,$E5)+COUNTIF(Evalucion!AS:AS,$E6) -> 50 | AT7: =COUNTIF(Evalucion!AT:AT,$E3)+COUNTIF(Evalucion!AT:AT,$E2)+COUNTIF(Evalucion!AT:AT,$E4)+COUNTIF(Evalucion!AT:AT,$E5)+COUNTIF(Evalucion!AT:AT,$E6) -> 50 | AU7: =COUNTIF(Evalucion!AU:AU,$E3)+COUNTIF(Evalucion!AU:AU,$E2)+COUNTIF(Evalucion!AU:AU,$E4)+COUNTIF(Evalucion!AU:AU,$E5)+COUNTIF(Evalucion!AU:AU,$E6) -> 50 | AV7: =COUNTIF(Evalucion!AV:AV,$E3)+COUNTIF(Evalucion!AV:AV,$E2)+COUNTIF(Evalucion!AV:AV,$E4)+COUNTIF(Evalucion!AV:AV,$E5)+COUNTIF(Evalucion!AV:AV,$E6) -> 0 | AW7: =COUNTIF(Evalucion!AW:AW,$E3)+COUNTIF(Evalucion!AW:AW,$E2)+COUNTIF(Evalucion!AW:AW,$E4)+COUNTIF(Evalucion!AW:AW,$E5)+COUNTIF(Evalucion!AW:AW,$E6) -> 50 | AX7: =COUNTIF(Evalucion!AX:AX,$E3)+COUNTIF(Evalucion!AX:AX,$E2)+COUNTIF(Evalucion!AX:AX,$E4)+COUNTIF(Evalucion!AX:AX,$E5)+COUNTIF(Evalucion!AX:AX,$E6) -> 50 | AY7: =COUNTIF(Evalucion!AY:AY,$E3)+COUNTIF(Evalucion!AY:AY,$E2)+COUNTIF(Evalucion!AY:AY,$E4)+COUNTIF(Evalucion!AY:AY,$E5)+COUNTIF(Evalucion!AY:AY,$E6) -> 50 | AZ7: =COUNTIF(Evalucion!AZ:AZ,$E3)+COUNTIF(Evalucion!AZ:AZ,$E2)+COUNTIF(Evalucion!AZ:AZ,$E4)+COUNTIF(Evalucion!AZ:AZ,$E5)+COUNTIF(Evalucion!AZ:AZ,$E6) -> 50 | BA7: =COUNTIF(Evalucion!BA:BA,$E3)+COUNTIF(Evalucion!BA:BA,$E2)+COUNTIF(Evalucion!BA:BA,$E4)+COUNTIF(Evalucion!BA:BA,$E5)+COUNTIF(Evalucion!BA:BA,$E6) -> 50 | BB7: =COUNTIF(Evalucion!BB:BB,$E3)+COUNTIF(Evalucion!BB:BB,$E2)+COUNTIF(Evalucion!BB:BB,$E4)+COUNTIF(Evalucion!BB:BB,$E5)+COUNTIF(Evalucion!BB:BB,$E6) -> 50 | BC7: =COUNTIF(Evalucion!BC:BC,$E3)+COUNTIF(Evalucion!BC:BC,$E2)+COUNTIF(Evalucion!BC:BC,$E4)+COUNTIF(Evalucion!BC:BC,$E5)+COUNTIF(Evalucion!BC:BC,$E6) -> 50 | BD7: =COUNTIF(Evalucion!BD:BD,$E3)+COUNTIF(Evalucion!BD:BD,$E2)+COUNTIF(Evalucion!BD:BD,$E4)+COUNTIF(Evalucion!BD:BD,$E5)+COUNTIF(Evalucion!BD:BD,$E6) -> 50 | BE7: =COUNTIF(Evalucion!BE:BE,$E3)+COUNTIF(Evalucion!BE:BE,$E2)+COUNTIF(Evalucion!BE:BE,$E4)+COUNTIF(Evalucion!BE:BE,$E5)+COUNTIF(Evalucion!BE:BE,$E6) -> 50 | BF7: =COUNTIF(Evalucion!BF:BF,$E3)+COUNTIF(Evalucion!BF:BF,$E2)+COUNTIF(Evalucion!BF:BF,$E4)+COUNTIF(Evalucion!BF:BF,$E5)+COUNTIF(Evalucion!BF:BF,$E6) -> 50 | BG7: =COUNTIF(Evalucion!BG:BG,$E3)+COUNTIF(Evalucion!BG:BG,$E2)+COUNTIF(Evalucion!BG:BG,$E4)+COUNTIF(Evalucion!BG:BG,$E5)+COUNTIF(Evalucion!BG:BG,$E6) -> 50 | BH7: =COUNTIF(Evalucion!BH:BH,$E3)+COUNTIF(Evalucion!BH:BH,$E2)+COUNTIF(Evalucion!BH:BH,$E4)+COUNTIF(Evalucion!BH:BH,$E5)+COUNTIF(Evalucion!BH:BH,$E6) -> 50 | BI7: =COUNTIF(Evalucion!BI:BI,$E3)+COUNTIF(Evalucion!BI:BI,$E2)+COUNTIF(Evalucion!BI:BI,$E4)+COUNTIF(Evalucion!BI:BI,$E5)+COUNTIF(Evalucion!BI:BI,$E6) -> 50 | BJ7: =COUNTIF(Evalucion!BJ:BJ,$E3)+COUNTIF(Evalucion!BJ:BJ,$E2)+COUNTIF(Evalucion!BJ:BJ,$E4)+COUNTIF(Evalucion!BJ:BJ,$E5)+COUNTIF(Evalucion!BJ:BJ,$E6) -> 50 | BK7: =COUNTIF(Evalucion!BK:BK,$E3)+COUNTIF(Evalucion!BK:BK,$E2)+COUNTIF(Evalucion!BK:BK,$E4)+COUNTIF(Evalucion!BK:BK,$E5)+COUNTIF(Evalucion!BK:BK,$E6) -> 50 | BL7: =COUNTIF(Evalucion!BL:BL,$E3)+COUNTIF(Evalucion!BL:BL,$E2)+COUNTIF(Evalucion!BL:BL,$E4)+COUNTIF(Evalucion!BL:BL,$E5)+COUNTIF(Evalucion!BL:BL,$E6) -> 50 | BM7: =COUNTIF(Evalucion!BM:BM,$E3)+COUNTIF(Evalucion!BM:BM,$E2)+COUNTIF(Evalucion!BM:BM,$E4)+COUNTIF(Evalucion!BM:BM,$E5)+COUNTIF(Evalucion!BM:BM,$E6) -> 50 | BN7: =COUNTIF(Evalucion!BN:BN,$E3)+COUNTIF(Evalucion!BN:BN,$E2)+COUNTIF(Evalucion!BN:BN,$E4)+COUNTIF(Evalucion!BN:BN,$E5)+COUNTIF(Evalucion!BN:BN,$E6) -> 50 | BO7: =COUNTIF(Evalucion!BO:BO,$E3)+COUNTIF(Evalucion!BO:BO,$E2)+COUNTIF(Evalucion!BO:BO,$E4)+COUNTIF(Evalucion!BO:BO,$E5)+COUNTIF(Evalucion!BO:BO,$E6) -> 50 | BP7: =COUNTIF(Evalucion!BP:BP,$E3)+COUNTIF(Evalucion!BP:BP,$E2)+COUNTIF(Evalucion!BP:BP,$E4)+COUNTIF(Evalucion!BP:BP,$E5)+COUNTIF(Evalucion!BP:BP,$E6) -> 50 | BQ7: =COUNTIF(Evalucion!BQ:BQ,$E3)+COUNTIF(Evalucion!BQ:BQ,$E2)+COUNTIF(Evalucion!BQ:BQ,$E4)+COUNTIF(Evalucion!BQ:BQ,$E5)+COUNTIF(Evalucion!BQ:BQ,$E6) -> 50 | BR7: =COUNTIF(Evalucion!BR:BR,$E3)+COUNTIF(Evalucion!BR:BR,$E2)+COUNTIF(Evalucion!BR:BR,$E4)+COUNTIF(Evalucion!BR:BR,$E5)+COUNTIF(Evalucion!BR:BR,$E6) -> 50 | BS7: =COUNTIF(Evalucion!BS:BS,$E3)+COUNTIF(Evalucion!BS:BS,$E2)+COUNTIF(Evalucion!BS:BS,$E4)+COUNTIF(Evalucion!BS:BS,$E5)+COUNTIF(Evalucion!BS:BS,$E6) -> 50 | BT7: =COUNTIF(Evalucion!BT:BT,$E3)+COUNTIF(Evalucion!BT:BT,$E2)+COUNTIF(Evalucion!BT:BT,$E4)+COUNTIF(Evalucion!BT:BT,$E5)+COUNTIF(Evalucion!BT:BT,$E6) -> 50 | BU7: =COUNTIF(Evalucion!BU:BU,$E3)+COUNTIF(Evalucion!BU:BU,$E2)+COUNTIF(Evalucion!BU:BU,$E4)+COUNTIF(Evalucion!BU:BU,$E5)+COUNTIF(Evalucion!BU:BU,$E6) -> 50 | BV7: =COUNTIF(Evalucion!BV:BV,$E3)+COUNTIF(Evalucion!BV:BV,$E2)+COUNTIF(Evalucion!BV:BV,$E4)+COUNTIF(Evalucion!BV:BV,$E5)+COUNTIF(Evalucion!BV:BV,$E6) -> 50 | BW7: =COUNTIF(Evalucion!BW:BW,$E3)+COUNTIF(Evalucion!BW:BW,$E2)+COUNTIF(Evalucion!BW:BW,$E4)+COUNTIF(Evalucion!BW:BW,$E5)+COUNTIF(Evalucion!BW:BW,$E6) -> 50 | BX7: =COUNTIF(Evalucion!BX:BX,$E3)+COUNTIF(Evalucion!BX:BX,$E2)+COUNTIF(Evalucion!BX:BX,$E4)+COUNTIF(Evalucion!BX:BX,$E5)+COUNTIF(Evalucion!BX:BX,$E6) -> 50 | BY7: =COUNTIF(Evalucion!BY:BY,$E3)+COUNTIF(Evalucion!BY:BY,$E2)+COUNTIF(Evalucion!BY:BY,$E4)+COUNTIF(Evalucion!BY:BY,$E5)+COUNTIF(Evalucion!BY:BY,$E6) -> 50 | BZ7: =COUNTIF(Evalucion!BZ:BZ,$E3)+COUNTIF(Evalucion!BZ:BZ,$E2)+COUNTIF(Evalucion!BZ:BZ,$E4)+COUNTIF(Evalucion!BZ:BZ,$E5)+COUNTIF(Evalucion!BZ:BZ,$E6) -> 50 | CA7: =COUNTIF(Evalucion!CA:CA,$E3)+COUNTIF(Evalucion!CA:CA,$E2)+COUNTIF(Evalucion!CA:CA,$E4)+COUNTIF(Evalucion!CA:CA,$E5)+COUNTIF(Evalucion!CA:CA,$E6) -> 50 | CB7: =COUNTIF(Evalucion!CB:CB,$E3)+COUNTIF(Evalucion!CB:CB,$E2)+COUNTIF(Evalucion!CB:CB,$E4)+COUNTIF(Evalucion!CB:CB,$E5)+COUNTIF(Evalucion!CB:CB,$E6) -> 50 | CC7: =COUNTIF(Evalucion!CC:CC,$E3)+COUNTIF(Evalucion!CC:CC,$E2)+COUNTIF(Evalucion!CC:CC,$E4)+COUNTIF(Evalucion!CC:CC,$E5)+COUNTIF(Evalucion!CC:CC,$E6) -> 50 | CD7: =COUNTIF(Evalucion!CD:CD,$E3)+COUNTIF(Evalucion!CD:CD,$E2)+COUNTIF(Evalucion!CD:CD,$E4)+COUNTIF(Evalucion!CD:CD,$E5)+COUNTIF(Evalucion!CD:CD,$E6) -> 50 | CE7: =COUNTIF(Evalucion!CE:CE,$E3)+COUNTIF(Evalucion!CE:CE,$E2)+COUNTIF(Evalucion!CE:CE,$E4)+COUNTIF(Evalucion!CE:CE,$E5)+COUNTIF(Evalucion!CE:CE,$E6) -> 50 | CF7: =COUNTIF(Evalucion!CF:CF,$E3)+COUNTIF(Evalucion!CF:CF,$E2)+COUNTIF(Evalucion!CF:CF,$E4)+COUNTIF(Evalucion!CF:CF,$E5)+COUNTIF(Evalucion!CF:CF,$E6) -> 50 | CG7: =COUNTIF(Evalucion!CG:CG,$E3)+COUNTIF(Evalucion!CG:CG,$E2)+COUNTIF(Evalucion!CG:CG,$E4)+COUNTIF(Evalucion!CG:CG,$E5)+COUNTIF(Evalucion!CG:CG,$E6) -> 50 | CH7: =COUNTIF(Evalucion!CH:CH,$E3)+COUNTIF(Evalucion!CH:CH,$E2)+COUNTIF(Evalucion!CH:CH,$E4)+COUNTIF(Evalucion!CH:CH,$E5)+COUNTIF(Evalucion!CH:CH,$E6) -> 50 | CI7: =COUNTIF(Evalucion!CI:CI,$E3)+COUNTIF(Evalucion!CI:CI,$E2)+COUNTIF(Evalucion!CI:CI,$E4)+COUNTIF(Evalucion!CI:CI,$E5)+COUNTIF(Evalucion!CI:CI,$E6) -> 50 | CJ7: =COUNTIF(Evalucion!CJ:CJ,$E3)+COUNTIF(Evalucion!CJ:CJ,$E2)+COUNTIF(Evalucion!CJ:CJ,$E4)+COUNTIF(Evalucion!CJ:CJ,$E5)+COUNTIF(Evalucion!CJ:CJ,$E6) -> 50 | CK7: =COUNTIF(Evalucion!CK:CK,$E3)+COUNTIF(Evalucion!CK:CK,$E2)+COUNTIF(Evalucion!CK:CK,$E4)+COUNTIF(Evalucion!CK:CK,$E5)+COUNTIF(Evalucion!CK:CK,$E6) -> 50 | CL7: =COUNTIF(Evalucion!CL:CL,$E3)+COUNTIF(Evalucion!CL:CL,$E2)+COUNTIF(Evalucion!CL:CL,$E4)+COUNTIF(Evalucion!CL:CL,$E5)+COUNTIF(Evalucion!CL:CL,$E6) -> 50 | CM7: =COUNTIF(Evalucion!CM:CM,$E3)+COUNTIF(Evalucion!CM:CM,$E2)+COUNTIF(Evalucion!CM:CM,$E4)+COUNTIF(Evalucion!CM:CM,$E5)+COUNTIF(Evalucion!CM:CM,$E6) -> 50 | CN7: =COUNTIF(Evalucion!CN:CN,$E3)+COUNTIF(Evalucion!CN:CN,$E2)+COUNTIF(Evalucion!CN:CN,$E4)+COUNTIF(Evalucion!CN:CN,$E5)+COUNTIF(Evalucion!CN:CN,$E6) -> 50 | CO7: =COUNTIF(Evalucion!CO:CO,$E3)+COUNTIF(Evalucion!CO:CO,$E2)+COUNTIF(Evalucion!CO:CO,$E4)+COUNTIF(Evalucion!CO:CO,$E5)+COUNTIF(Evalucion!CO:CO,$E6) -> 50 | CP7: =COUNTIF(Evalucion!CP:CP,$E3)+COUNTIF(Evalucion!CP:CP,$E2)+COUNTIF(Evalucion!CP:CP,$E4)+COUNTIF(Evalucion!CP:CP,$E5)+COUNTIF(Evalucion!CP:CP,$E6) -> 50 | CQ7: =COUNTIF(Evalucion!CQ:CQ,$E3)+COUNTIF(Evalucion!CQ:CQ,$E2)+COUNTIF(Evalucion!CQ:CQ,$E4)+COUNTIF(Evalucion!CQ:CQ,$E5)+COUNTIF(Evalucion!CQ:CQ,$E6) -> 50 | CR7: =COUNTIF(Evalucion!CR:CR,$E3)+COUNTIF(Evalucion!CR:CR,$E2)+COUNTIF(Evalucion!CR:CR,$E4)+COUNTIF(Evalucion!CR:CR,$E5)+COUNTIF(Evalucion!CR:CR,$E6) -> 50 | CS7: =COUNTIF(Evalucion!CS:CS,$E3)+COUNTIF(Evalucion!CS:CS,$E2)+COUNTIF(Evalucion!CS:CS,$E4)+COUNTIF(Evalucion!CS:CS,$E5)+COUNTIF(Evalucion!CS:CS,$E6) -> 50 | CT7: =COUNTIF(Evalucion!CT:CT,$E3)+COUNTIF(Evalucion!CT:CT,$E2)+COUNTIF(Evalucion!CT:CT,$E4)+COUNTIF(Evalucion!CT:CT,$E5)+COUNTIF(Evalucion!CT:CT,$E6) -> 50 | CU7: =COUNTIF(Evalucion!CU:CU,$E3)+COUNTIF(Evalucion!CU:CU,$E2)+COUNTIF(Evalucion!CU:CU,$E4)+COUNTIF(Evalucion!CU:CU,$E5)+COUNTIF(Evalucion!CU:CU,$E6) -> 50 | CV7: =COUNTIF(Evalucion!CV:CV,$E3)+COUNTIF(Evalucion!CV:CV,$E2)+COUNTIF(Evalucion!CV:CV,$E4)+COUNTIF(Evalucion!CV:CV,$E5)+COUNTIF(Evalucion!CV:CV,$E6) -> 50 | CW7: =COUNTIF(Evalucion!CW:CW,$E3)+COUNTIF(Evalucion!CW:CW,$E2)+COUNTIF(Evalucion!CW:CW,$E4)+COUNTIF(Evalucion!CW:CW,$E5)+COUNTIF(Evalucion!CW:CW,$E6) -> 50 | CX7: =COUNTIF(Evalucion!CX:CX,$E3)+COUNTIF(Evalucion!CX:CX,$E2)+COUNTIF(Evalucion!CX:CX,$E4)+COUNTIF(Evalucion!CX:CX,$E5)+COUNTIF(Evalucion!CX:CX,$E6) -> 50 | CY7: =COUNTIF(Evalucion!CY:CY,$E3)+COUNTIF(Evalucion!CY:CY,$E2)+COUNTIF(Evalucion!CY:CY,$E4)+COUNTIF(Evalucion!CY:CY,$E5)+COUNTIF(Evalucion!CY:CY,$E6) -> 50 | CZ7: =COUNTIF(Evalucion!CZ:CZ,$E3)+COUNTIF(Evalucion!CZ:CZ,$E2)+COUNTIF(Evalucion!CZ:CZ,$E4)+COUNTIF(Evalucion!CZ:CZ,$E5)+COUNTIF(Evalucion!CZ:CZ,$E6) -> 50 | DA7: =COUNTIF(Evalucion!DA:DA,$E3)+COUNTIF(Evalucion!DA:DA,$E2)+COUNTIF(Evalucion!DA:DA,$E4)+COUNTIF(Evalucion!DA:DA,$E5)+COUNTIF(Evalucion!DA:DA,$E6) -> 50 | DB7: =COUNTIF(Evalucion!DB:DB,$E3)+COUNTIF(Evalucion!DB:DB,$E2)+COUNTIF(Evalucion!DB:DB,$E4)+COUNTIF(Evalucion!DB:DB,$E5)+COUNTIF(Evalucion!DB:DB,$E6) -> 50 | DC7: =COUNTIF(Evalucion!DC:DC,$E3)+COUNTIF(Evalucion!DC:DC,$E2)+COUNTIF(Evalucion!DC:DC,$E4)+COUNTIF(Evalucion!DC:DC,$E5)+COUNTIF(Evalucion!DC:DC,$E6) -> 50 | DD7: =COUNTIF(Evalucion!DD:DD,$E3)+COUNTIF(Evalucion!DD:DD,$E2)+COUNTIF(Evalucion!DD:DD,$E4)+COUNTIF(Evalucion!DD:DD,$E5)+COUNTIF(Evalucion!DD:DD,$E6) -> 50 | DE7: =COUNTIF(Evalucion!DE:DE,$E3)+COUNTIF(Evalucion!DE:DE,$E2)+COUNTIF(Evalucion!DE:DE,$E4)+COUNTIF(Evalucion!DE:DE,$E5)+COUNTIF(Evalucion!DE:DE,$E6) -> 50 | DF7: =COUNTIF(Evalucion!DF:DF,$E3)+COUNTIF(Evalucion!DF:DF,$E2)+COUNTIF(Evalucion!DF:DF,$E4)+COUNTIF(Evalucion!DF:DF,$E5)+COUNTIF(Evalucion!DF:DF,$E6) -> 50 | DG7: =COUNTIF(Evalucion!DG:DG,$E3)+COUNTIF(Evalucion!DG:DG,$E2)+COUNTIF(Evalucion!DG:DG,$E4)+COUNTIF(Evalucion!DG:DG,$E5)+COUNTIF(Evalucion!DG:DG,$E6) -> 50 | DH7: =COUNTIF(Evalucion!DH:DH,$E3)+COUNTIF(Evalucion!DH:DH,$E2)+COUNTIF(Evalucion!DH:DH,$E4)+COUNTIF(Evalucion!DH:DH,$E5)+COUNTIF(Evalucion!DH:DH,$E6) -> 50 | DI7: =COUNTIF(Evalucion!DI:DI,$E3)+COUNTIF(Evalucion!DI:DI,$E2)+COUNTIF(Evalucion!DI:DI,$E4)+COUNTIF(Evalucion!DI:DI,$E5)+COUNTIF(Evalucion!DI:DI,$E6) -> 50 | DJ7: =COUNTIF(Evalucion!DJ:DJ,$E3)+COUNTIF(Evalucion!DJ:DJ,$E2)+COUNTIF(Evalucion!DJ:DJ,$E4)+COUNTIF(Evalucion!DJ:DJ,$E5)+COUNTIF(Evalucion!DJ:DJ,$E6) -> 50 | DK7: =COUNTIF(Evalucion!DK:DK,$E3)+COUNTIF(Evalucion!DK:DK,$E2)+COUNTIF(Evalucion!DK:DK,$E4)+COUNTIF(Evalucion!DK:DK,$E5)+COUNTIF(Evalucion!DK:DK,$E6) -> 50 | DL7: =COUNTIF(Evalucion!DL:DL,$E3)+COUNTIF(Evalucion!DL:DL,$E2)+COUNTIF(Evalucion!DL:DL,$E4)+COUNTIF(Evalucion!DL:DL,$E5)+COUNTIF(Evalucion!DL:DL,$E6) -> 50 | DM7: =COUNTIF(Evalucion!DM:DM,$E3)+COUNTIF(Evalucion!DM:DM,$E2)+COUNTIF(Evalucion!DM:DM,$E4)+COUNTIF(Evalucion!DM:DM,$E5)+COUNTIF(Evalucion!DM:DM,$E6) -> 50 | DN7: =COUNTIF(Evalucion!DN:DN,$E3)+COUNTIF(Evalucion!DN:DN,$E2)+COUNTIF(Evalucion!DN:DN,$E4)+COUNTIF(Evalucion!DN:DN,$E5)+COUNTIF(Evalucion!DN:DN,$E6) -> 50 | DO7: =COUNTIF(Evalucion!DO:DO,$E3)+COUNTIF(Evalucion!DO:DO,$E2)+COUNTIF(Evalucion!DO:DO,$E4)+COUNTIF(Evalucion!DO:DO,$E5)+COUNTIF(Evalucion!DO:DO,$E6) -> 50 | DP7: =COUNTIF(Evalucion!DP:DP,$E3)+COUNTIF(Evalucion!DP:DP,$E2)+COUNTIF(Evalucion!DP:DP,$E4)+COUNTIF(Evalucion!DP:DP,$E5)+COUNTIF(Evalucion!DP:DP,$E6) -> 50 | DQ7: =COUNTIF(Evalucion!DQ:DQ,$E3)+COUNTIF(Evalucion!DQ:DQ,$E2)+COUNTIF(Evalucion!DQ:DQ,$E4)+COUNTIF(Evalucion!DQ:DQ,$E5)+COUNTIF(Evalucion!DQ:DQ,$E6) -> 50 | DR7: =COUNTIF(Evalucion!DR:DR,$E3)+COUNTIF(Evalucion!DR:DR,$E2)+COUNTIF(Evalucion!DR:DR,$E4)+COUNTIF(Evalucion!DR:DR,$E5)+COUNTIF(Evalucion!DR:DR,$E6) -> 50 | DS7: =COUNTIF(Evalucion!DS:DS,$E3)+COUNTIF(Evalucion!DS:DS,$E2)+COUNTIF(Evalucion!DS:DS,$E4)+COUNTIF(Evalucion!DS:DS,$E5)+COUNTIF(Evalucion!DS:DS,$E6) -> 50 | DT7: =COUNTIF(Evalucion!DT:DT,$E3)+COUNTIF(Evalucion!DT:DT,$E2)+COUNTIF(Evalucion!DT:DT,$E4)+COUNTIF(Evalucion!DT:DT,$E5)+COUNTIF(Evalucion!DT:DT,$E6) -> 50 | DU7: =COUNTIF(Evalucion!DU:DU,$E3)+COUNTIF(Evalucion!DU:DU,$E2)+COUNTIF(Evalucion!DU:DU,$E4)+COUNTIF(Evalucion!DU:DU,$E5)+COUNTIF(Evalucion!DU:DU,$E6) -> 50 | DV7: =COUNTIF(Evalucion!DV:DV,$E3)+COUNTIF(Evalucion!DV:DV,$E2)+COUNTIF(Evalucion!DV:DV,$E4)+COUNTIF(Evalucion!DV:DV,$E5)+COUNTIF(Evalucion!DV:DV,$E6) -> 50 | DW7: =COUNTIF(Evalucion!DW:DW,$E3)+COUNTIF(Evalucion!DW:DW,$E2)+COUNTIF(Evalucion!DW:DW,$E4)+COUNTIF(Evalucion!DW:DW,$E5)+COUNTIF(Evalucion!DW:DW,$E6) -> 50 | DX7: =COUNTIF(Evalucion!DX:DX,$E3)+COUNTIF(Evalucion!DX:DX,$E2)+COUNTIF(Evalucion!DX:DX,$E4)+COUNTIF(Evalucion!DX:DX,$E5)+COUNTIF(Evalucion!DX:DX,$E6) -> 50 | DY7: =COUNTIF(Evalucion!DY:DY,$E3)+COUNTIF(Evalucion!DY:DY,$E2)+COUNTIF(Evalucion!DY:DY,$E4)+COUNTIF(Evalucion!DY:DY,$E5)+COUNTIF(Evalucion!DY:DY,$E6) -> 50 | DZ7: =COUNTIF(Evalucion!DZ:DZ,$E3)+COUNTIF(Evalucion!DZ:DZ,$E2)+COUNTIF(Evalucion!DZ:DZ,$E4)+COUNTIF(Evalucion!DZ:DZ,$E5)+COUNTIF(Evalucion!DZ:DZ,$E6) -> 50 | EA7: =COUNTIF(Evalucion!EA:EA,$E3)+COUNTIF(Evalucion!EA:EA,$E2)+COUNTIF(Evalucion!EA:EA,$E4)+COUNTIF(Evalucion!EA:EA,$E5)+COUNTIF(Evalucion!EA:EA,$E6) -> 50 | EB7: =COUNTIF(Evalucion!EB:EB,$E3)+COUNTIF(Evalucion!EB:EB,$E2)+COUNTIF(Evalucion!EB:EB,$E4)+COUNTIF(Evalucion!EB:EB,$E5)+COUNTIF(Evalucion!EB:EB,$E6) -> 50 | EC7: =COUNTIF(Evalucion!EC:EC,$E3)+COUNTIF(Evalucion!EC:EC,$E2)+COUNTIF(Evalucion!EC:EC,$E4)+COUNTIF(Evalucion!EC:EC,$E5)+COUNTIF(Evalucion!EC:EC,$E6) -> 50 | ED7: =COUNTIF(Evalucion!ED:ED,$E3)+COUNTIF(Evalucion!ED:ED,$E2)+COUNTIF(Evalucion!ED:ED,$E4)+COUNTIF(Evalucion!ED:ED,$E5)+COUNTIF(Evalucion!ED:ED,$E6) -> 50 | EE7: =COUNTIF(Evalucion!EE:EE,$E3)+COUNTIF(Evalucion!EE:EE,$E2)+COUNTIF(Evalucion!EE:EE,$E4)+COUNTIF(Evalucion!EE:EE,$E5)+COUNTIF(Evalucion!EE:EE,$E6) -> 50 | EF7: =COUNTIF(Evalucion!EF:EF,$E3)+COUNTIF(Evalucion!EF:EF,$E2)+COUNTIF(Evalucion!EF:EF,$E4)+COUNTIF(Evalucion!EF:EF,$E5)+COUNTIF(Evalucion!EF:EF,$E6) -> 50 | EG7: =COUNTIF(Evalucion!EG:EG,$E3)+COUNTIF(Evalucion!EG:EG,$E2)+COUNTIF(Evalucion!EG:EG,$E4)+COUNTIF(Evalucion!EG:EG,$E5)+COUNTIF(Evalucion!EG:EG,$E6) -> 50 | EH7: =COUNTIF(Evalucion!EH:EH,$E3)+COUNTIF(Evalucion!EH:EH,$E2)+COUNTIF(Evalucion!EH:EH,$E4)+COUNTIF(Evalucion!EH:EH,$E5)+COUNTIF(Evalucion!EH:EH,$E6) -> 50 | EI7: =COUNTIF(Evalucion!EI:EI,$E3)+COUNTIF(Evalucion!EI:EI,$E2)+COUNTIF(Evalucion!EI:EI,$E4)+COUNTIF(Evalucion!EI:EI,$E5)+COUNTIF(Evalucion!EI:EI,$E6) -> 50 | EJ7: =COUNTIF(Evalucion!EJ:EJ,$E3)+COUNTIF(Evalucion!EJ:EJ,$E2)+COUNTIF(Evalucion!EJ:EJ,$E4)+COUNTIF(Evalucion!EJ:EJ,$E5)+COUNTIF(Evalucion!EJ:EJ,$E6) -> 50 | EK7: =COUNTIF(Evalucion!EK:EK,$E3)+COUNTIF(Evalucion!EK:EK,$E2)+COUNTIF(Evalucion!EK:EK,$E4)+COUNTIF(Evalucion!EK:EK,$E5)+COUNTIF(Evalucion!EK:EK,$E6) -> 50 | EL7: =COUNTIF(Evalucion!EL:EL,$E3)+COUNTIF(Evalucion!EL:EL,$E2)+COUNTIF(Evalucion!EL:EL,$E4)+COUNTIF(Evalucion!EL:EL,$E5)+COUNTIF(Evalucion!EL:EL,$E6) -> 50 | EM7: =COUNTIF(Evalucion!EM:EM,$E3)+COUNTIF(Evalucion!EM:EM,$E2)+COUNTIF(Evalucion!EM:EM,$E4)+COUNTIF(Evalucion!EM:EM,$E5)+COUNTIF(Evalucion!EM:EM,$E6) -> 50 | EN7: =COUNTIF(Evalucion!EN:EN,$E3)+COUNTIF(Evalucion!EN:EN,$E2)+COUNTIF(Evalucion!EN:EN,$E4)+COUNTIF(Evalucion!EN:EN,$E5)+COUNTIF(Evalucion!EN:EN,$E6) -> 50 | EO7: =COUNTIF(Evalucion!EO:EO,$E3)+COUNTIF(Evalucion!EO:EO,$E2)+COUNTIF(Evalucion!EO:EO,$E4)+COUNTIF(Evalucion!EO:EO,$E5)+COUNTIF(Evalucion!EO:EO,$E6) -> 50 | EP7: =COUNTIF(Evalucion!EP:EP,$E3)+COUNTIF(Evalucion!EP:EP,$E2)+COUNTIF(Evalucion!EP:EP,$E4)+COUNTIF(Evalucion!EP:EP,$E5)+COUNTIF(Evalucion!EP:EP,$E6) -> 50 | EQ7: =COUNTIF(Evalucion!EQ:EQ,$E3)+COUNTIF(Evalucion!EQ:EQ,$E2)+COUNTIF(Evalucion!EQ:EQ,$E4)+COUNTIF(Evalucion!EQ:EQ,$E5)+COUNTIF(Evalucion!EQ:EQ,$E6) -> 50 | ER7: =COUNTIF(Evalucion!ER:ER,$E3)+COUNTIF(Evalucion!ER:ER,$E2)+COUNTIF(Evalucion!ER:ER,$E4)+COUNTIF(Evalucion!ER:ER,$E5)+COUNTIF(Evalucion!ER:ER,$E6) -> 50 | ES7: =COUNTIF(Evalucion!ES:ES,$E3)+COUNTIF(Evalucion!ES:ES,$E2)+COUNTIF(Evalucion!ES:ES,$E4)+COUNTIF(Evalucion!ES:ES,$E5)+COUNTIF(Evalucion!ES:ES,$E6) -> 50 | ET7: =COUNTIF(Evalucion!ET:ET,$E3)+COUNTIF(Evalucion!ET:ET,$E2)+COUNTIF(Evalucion!ET:ET,$E4)+COUNTIF(Evalucion!ET:ET,$E5)+COUNTIF(Evalucion!ET:ET,$E6) -> 50 | EU7: =COUNTIF(Evalucion!EU:EU,$E3)+COUNTIF(Evalucion!EU:EU,$E2)+COUNTIF(Evalucion!EU:EU,$E4)+COUNTIF(Evalucion!EU:EU,$E5)+COUNTIF(Evalucion!EU:EU,$E6) -> 50 | EV7: =COUNTIF(Evalucion!EV:EV,$E3)+COUNTIF(Evalucion!EV:EV,$E2)+COUNTIF(Evalucion!EV:EV,$E4)+COUNTIF(Evalucion!EV:EV,$E5)+COUNTIF(Evalucion!EV:EV,$E6) -> 50 | EW7: =COUNTIF(Evalucion!EW:EW,$E3)+COUNTIF(Evalucion!EW:EW,$E2)+COUNTIF(Evalucion!EW:EW,$E4)+COUNTIF(Evalucion!EW:EW,$E5)+COUNTIF(Evalucion!EW:EW,$E6) -> 50 | EX7: =COUNTIF(Evalucion!EX:EX,$E3)+COUNTIF(Evalucion!EX:EX,$E2)+COUNTIF(Evalucion!EX:EX,$E4)+COUNTIF(Evalucion!EX:EX,$E5)+COUNTIF(Evalucion!EX:EX,$E6) -> 50 | EY7: =COUNTIF(Evalucion!EY:EY,$E3)+COUNTIF(Evalucion!EY:EY,$E2)+COUNTIF(Evalucion!EY:EY,$E4)+COUNTIF(Evalucion!EY:EY,$E5)+COUNTIF(Evalucion!EY:EY,$E6) -> 50 | EZ7: =COUNTIF(Evalucion!EZ:EZ,$E3)+COUNTIF(Evalucion!EZ:EZ,$E2)+COUNTIF(Evalucion!EZ:EZ,$E4)+COUNTIF(Evalucion!EZ:EZ,$E5)+COUNTIF(Evalucion!EZ:EZ,$E6) -> 50
A8: Titulo 1/2 | B8: Calidad del Contenido de los Items de la Sección | F8: Secciones Presente en las FDS Analizadas | G8: =CONCATENATE($B$8,G11,$B$9) -> Calidad del Contenido de los Items de la Sección 1 de las FDS Analizadas | S8: =CONCATENATE($B$8,S11,$B$9) -> Calidad del Contenido de los Items de la Sección 2 de las FDS Analizadas | AF8: =CONCATENATE($B$8,AF11,$B$9) -> Calidad del Contenido de los Items de la Sección 3 de las FDS Analizadas | AZ8: =CONCATENATE($B$8,AZ11,$B$9) -> Calidad del Contenido de los Items de la Sección 4 de las FDS Analizadas | BH8: =CONCATENATE($B$8,BH11,$B$9) -> Calidad del Contenido de los Items de la Sección 5 de las FDS Analizadas | BP8: =CONCATENATE($B$8,BP11,$B$9) -> Calidad del Contenido de los Items de la Sección 6 de las FDS Analizadas | BX8: =CONCATENATE($B$8,BX11,$B$9) -> Calidad del Contenido de los Items de la Sección 7 de las FDS Analizadas | CD8: =CONCATENATE($B$8,CD11,$B$9) -> Calidad del Contenido de los Items de la Sección 8 de las FDS Analizadas | CL8: =CONCATENATE($B$8,CL11,$B$9) -> Calidad del Contenido de los Items de la Sección 9 de las FDS Analizadas | CP8: =CONCATENATE($B$8,CP11,$B$9) -> Calidad del Contenido de los Items de la Sección 10 de las FDS Analizadas | DD8: =CONCATENATE($B$8,DD11,$B$9) -> Calidad del Contenido de los Items de la Sección 11 de las FDS Analizadas | DP8: =CONCATENATE($B$8,DP11,$B$9) -> Calidad del Contenido de los Items de la Sección 12 de las FDS Analizadas | EB8: =CONCATENATE($B$8,EB11,$B$9) -> Calidad del Contenido de los Items de la Sección 13 de las FDS Analizadas | EF8: =CONCATENATE($B$8,EF11,$B$9) -> Calidad del Contenido de los Items de la Sección 14 de las FDS Analizadas | ET8: =CONCATENATE($B$8,ET11,$B$9) -> Calidad del Contenido de los Items de la Sección 15 de las FDS Analizadas | EX8: =CONCATENATE($B$8,EX11,$B$9) -> Calidad del Contenido de los Items de la Sección 16 de las FDS Analizadas
A9: Titulo 2/2 | B9: de las FDS Analizadas | F9: Numero de FDS Con Sección Presente | G9: =$B$10 -> Porcentaje de Cumplimiento del Contenido de los Items | S9: =$B$10 -> Porcentaje de Cumplimiento del Contenido de los Items | AF9: =$B$10 -> Porcentaje de Cumplimiento del Contenido de los Items | AZ9: =$B$10 -> Porcentaje de Cumplimiento del Contenido de los Items | BH9: =$B$10 -> Porcentaje de Cumplimiento del Contenido de los Items | BP9: =$B$10 -> Porcentaje de Cumplimiento del Contenido de los Items | BX9: =$B$10 -> Porcentaje de Cumplimiento del Contenido de los Items | CD9: =$B$10 -> Porcentaje de Cumplimiento del Contenido de los Items | CL9: =$B$10 -> Porcentaje de Cumplimiento del Contenido de los Items | CP9: =$B$10 -> Porcentaje de Cumplimiento del Contenido de los Items | DD9: =$B$10 -> Porcentaje de Cumplimiento del Contenido de los Items | DP9: =$B$10 -> Porcentaje de Cumplimiento del Contenido de los Items | EB9: =$B$10 -> Porcentaje de Cumplimiento del Contenido de los Items | EF9: =$B$10 -> Porcentaje de Cumplimiento del Contenido de los Items | ET9: =$B$10 -> Porcentaje de Cumplimiento del Contenido de los Items | EX9: =$B$10 -> Porcentaje de Cumplimiento del Contenido de los Items
A10: Titulo Y | B10: Porcentaje de Cumplimiento del Contenido de los Items | F10: Secciones de la FDS | G10: =CONCATENATE($B$11,G11,$B$12) -> Contenido de los Items de la Sección 1 de la FDS | S10: =CONCATENATE($B$11,S11,$B$12) -> Contenido de los Items de la Sección 2 de la FDS | AF10: =CONCATENATE($B$11,AF11,$B$12) -> Contenido de los Items de la Sección 3 de la FDS | AZ10: =CONCATENATE($B$11,AZ11,$B$12) -> Contenido de los Items de la Sección 4 de la FDS | BH10: =CONCATENATE($B$11,BH11,$B$12) -> Contenido de los Items de la Sección 5 de la FDS | BP10: =CONCATENATE($B$11,BP11,$B$12) -> Contenido de los Items de la Sección 6 de la FDS | BX10: =CONCATENATE($B$11,BX11,$B$12) -> Contenido de los Items de la Sección 7 de la FDS | CD10: =CONCATENATE($B$11,CD11,$B$12) -> Contenido de los Items de la Sección 8 de la FDS | CL10: =CONCATENATE($B$11,CL11,$B$12) -> Contenido de los Items de la Sección 9 de la FDS | CP10: =CONCATENATE($B$11,CP11,$B$12) -> Contenido de los Items de la Sección 10 de la FDS | DD10: =CONCATENATE($B$11,DD11,$B$12) -> Contenido de los Items de la Sección 11 de la FDS | DP10: =CONCATENATE($B$11,DP11,$B$12) -> Contenido de los Items de la Sección 12 de la FDS | EB10: =CONCATENATE($B$11,EB11,$B$12) -> Contenido de los Items de la Sección 13 de la FDS | EF10: =CONCATENATE($B$11,EF11,$B$12) -> Contenido de los Items de la Sección 14 de la FDS | ET10: =CONCATENATE($B$11,ET11,$B$12) -> Contenido de los Items de la Sección 15 de la FDS | EX10: =CONCATENATE($B$11,EX11,$B$12) -> Contenido de los Items de la Sección 16 de la FDS
A11: Titulo X 1/2 | B11: Contenido de los Items de la Sección | G11: 1 | S11: 2 | AF11: 3 | AZ11: 4 | BH11: 5 | BP11: 6 | BX11: 7 | CD11: 8 | CL11: 9 | CP11: 10 | DD11: 11 | DP11: 12 | EB11: 13 | EF11: 14 | ET11: 15 | EX11: 16
A12: Titulo X 2/2 | B12: de la FDS
C15: Presente | D15: 5
C16: No Present | D16: 1
C17: Confiable | D17: 5
C18: Conf_CR | D18: 3
C19: NO_Conf | D19: 1

Sheet Evalucion (2)
E2: Item | F2: Calidad | G2: Item | H2: Calidad | I2: Item | J2: Calidad | K2: Item | L2: Calidad | M2: Item | N2: Calidad | O2: Item | P2: Calidad | Q2: Item | R2: Calidad | S2: Item | T2: Calidad | U2: Item | V2: Calidad | W2: Item | X2: Calidad | Y2: Item | Z2: Calidad | AA2: Item | AB2: Calidad | AC2: Item | AD2: Calidad | AE2: Item | AF2: Calidad | AG2: Item | AH2: Calidad | AI2: Item | AJ2: Calidad | AK2: Item | AL2: Calidad | AM2: Item | AN2: Calidad | AO2: Item | AP2: Calidad | AQ2: Item | AR2: Calidad | AS2: Item | AT2: Calidad | AV2: Item | AW2: Calidad | AX2: Item | AY2: Calidad | AZ2: Item | BA2: Calidad | BB2: Item | BC2: Calidad | BD2: Item | BE2: Calidad | BF2: Item | BG2: Calidad | BH2: Item | BI2: Calidad | BJ2: Item | BK2: Calidad | BL2: Item | BM2: Calidad | BN2: Item | BO2: Calidad | BP2: Item | BQ2: Calidad | BR2: Item | BS2: Calidad | BT2: Item | BU2: Calidad | BV2: Item | BW2: Calidad | BX2: Item | BY2: Calidad | BZ2: Item | CA2: Calidad | CB2: Item | CC2: Calidad | CD2: Item | CE2: Calidad | CF2: Item | CG2: Calidad | CH2: Item | CI2: Calidad | CJ2: Item | CK2: Calidad | CL2: Item | CM2: Calidad | CN2: Item | CO2: Calidad | CP2: Item | CQ2: Calidad | CR2: Item | CS2: Calidad | CT2: Item | CU2: Calidad | CV2: Item | CW2: Calidad | CX2: Item | CY2: Calidad | CZ2: Item | DA2: Calidad | DB2: Item | DC2: Calidad | DD2: Item | DE2: Calidad | DF2: Item | DG2: Calidad | DH2: Item | DI2: Calidad | DJ2: Item | DK2: Calidad | DL2: Item | DM2: Calidad | DN2: Item | DO2: Calidad | DP2: Item | DQ2: Calidad | DR2: Item | DS2: Calidad | DT2: Item | DU2: Calidad | DV2: Item | DW2: Calidad | DX2: Item | DY2: Calidad | DZ2: Item | EA2: Calidad | EB2: Item | EC2: Calidad | ED2: Item | EE2: Calidad | EF2: Item | EG2: Calidad | EH2: Item | EI2: Calidad | EJ2: Item | EK2: Calidad | EL2: Item | EM2: Calidad | EN2: Item | EO2: Calidad | EP2: Item | EQ2: Calidad | ER2: Item | ES2: Calidad | ET2: Item | EU2: Calidad | EV2: Item | EW2: Calidad | EX2: Item | EY2: Calidad | FA2: =COUNTIF(E2:EZ2,FA3) -> 75 | FB2: =COUNTIF(E2:EY2,FB3) -> 75
A3: Id | B3: Nombre del Producto | C3: Fabricante | D3: Fecha Elaboración | E3: Item_1_0 | F3: Calidad_1_0 | G3: Item_1_1 | H3: Calidad_1_1 | I3: Item_1_2 | J3: Calidad_1_2 | K3: Item_1_3 | L3: Calidad_1_3 | M3: Item_1_4 | N3: Calidad_1_4 | O3: Item_1_5 | P3: Calidad_1_5 | Q3: Item_2_0 | R3: Calidad_2_0 | S3: Item_2_1 | T3: Calidad_2_1 | U3: Item_2_1_1 | V3: Calidad_2_1_1 | W3: Item_2_1_2 | X3: Calidad_2_1_2 | Y3: Item_2_1_3 | Z3: Calidad_2_1_3 | AA3: Item_2_1_4 | AB3: Calidad_2_1_4 | AC3: Item_2_2 | AD3: Calidad_2_2 | AE3: Item_3_0 | AF3: Calidad_3_0 | AG3: Item_3_1_1 | AH3: Calidad_3_1_1 | AI3: Item_3_1_1_1 | AJ3: Calidad_3_1_1_1 | AK3: Item_3_1_1_2 | AL3: Calidad_3_1_1_2 | AM3: Item_3_1_1_3 | AN3: Calidad_3_1_1_3 | AO3: Item_3_2_1 | AP3: Calidad_3_2_1 | AQ3: Item_3_2_1_1 | AR3: Calidad_3_2_1_1 | AS3: Item_3_2_1_2 | AT3: Calidad_3_2_1_2 | AU3: Calidad_3_5 | AV3: Item_3_2_1_3 | AW3: Calidad_3_2_1_3 | AX3: Item_4_0 | AY3: Calidad_4_0 | AZ3: Item_4_1 | BA3: Calidad_4_1 | BB3: Item_4_2 | BC3: Calidad_4_2 | BD3: Item_4_3 | BE3: Calidad_4_3 | BF3: Item_5_0 | BG3: Calidad_5_0 | BH3: Item_5_1 | BI3: Calidad_5_1 | BJ3: Item_5_2 | BK3: Calidad_5_2 | BL3: Item_5_3 | BM3: Calidad_5_3 | BN3: Item_6_0 | BO3: Calidad_6_0 | BP3: Item_6_1 | BQ3: Calidad_6_1 | BR3: Item_6_2 | BS3: Calidad_6_2 | BT3: Item_6_3 | BU3: Calidad_6_3 | BV3: Item_7_0 | BW3: Calidad_7_0 | BX3: Item_7_1 | BY3: Calidad_7_1 | BZ3: Item_7_2 | CA3: Calidad_7_2 | CB3: Item_8_0 | CC3: Calidad_8_0 | CD3: Item_8_1 | CE3: Calidad_8_1 | CF3: Item_8_2 | CG3: Calidad_8_2 | CH3: Item_8_3 | CI3: Calidad_8_3 | CJ3: Item_9_0 | CK3: Calidad_9_0 | CL3: Item_9_1 | CM3: Calidad_9_1 | CN3: Item_10_0 | CO3: Calidad_10_0 | CP3: Item_10_2_1 | CQ3: Calidad_10_2_1 | CR3: Item_10_2_2 | CS3: Calidad_10_2_2 | CT3: Item_10_2_3 | CU3: Calidad_10_2_3 | CV3: Item_10_2_4 | CW3: Calidad_10_2_4 | CX3: Item_10_2_5 | CY3: Calidad_10_2_5 | CZ3: Item_10_2_6 | DA3: Calidad_10_2_6 | DB3: Item_11_0 | DC3: Calidad_11_0 | DD3: Item_11_1 | DE3: Calidad_11_1 | DF3: Item_11_2 | DG3: Calidad_11_2 | DH3: Item_11_3 | DI3: Calidad_11_3 | DJ3: Item_11_4 | DK3: Calidad_11_4 | DL3: Item_11_5 | DM3: Calidad_11_5 | DN3: Item_12_0 | DO3: Calidad_12_0 | DP3: Item_12_1 | DQ3: Calidad_12_1 | DR3: Item_12_2 | DS3: Calidad_12_2 | DT3: Item_12_3 | DU3: Calidad_12_3 | DV3: Item_12_4 | DW3: Calidad_12_4 | DX3: Item_12_5 | DY3: Calidad_12_5 | DZ3: Item_13_0 | EA3: Calidad_13_0 | EB3: Item_13_1 | EC3: Calidad_13_1 | ED3: Item_14_0 | EE3: Calidad_14_0 | EF3: Item_14_1 | EG3: Calidad_14_1 | EH3: Item_14_2 | EI3: Calidad_14_2 | EJ3: Item_14_3 | EK3: Calidad_14_3 | EL3: Item_14_4 | EM3: Calidad_14_4 | EN3: Item_14_5 | EO3: Calidad_14_5 | EP3: Item_14_6 | EQ3: Calidad_14_6 | ER3: Item_15_0 | ES3: Calidad_15_0 | ET3: Item_15_1 | EU3: Calidad_15_1 | EV3: Item_16_0 | EW3: Calidad_16_0 | EX3: Item_16_1 | EY3: Calidad_16_1 | FA3: Item | FB3: Calidad | FC3: %
A4: 1 | B4: PRODUCTO 1 - INDUSTRIAL - FABRICANTE 1 | C4: FABRICANTE 1 | D4: 44094 | E4: =IF(Evalucion!F2=Datos!$C$15,Datos!$D$15,IF(Evalucion!F2=Datos!$C$16,Datos!$D$16,IF(Evalucion!F2=Datos!$C$17,Datos!$D$17,IF(Evalucion!F2=Datos!$C$18,Datos!$D$18,IF(Evalucion!F2=Datos!$C$19,Datos!$D$19,"="))))) -> 5 | F4: =IF(Evalucion!G2=Datos!$C$15,Datos!$D$15,IF(Evalucion!G2=Datos!$C$16,Datos!$D$16,IF(Evalucion!G2=Datos!$C$17,Datos!$D$17,IF(Evalucion!G2=Datos!$C$18,Datos!$D$18,IF(Evalucion!G2=Datos!$C$19,Datos!$D$19,"="))))) -> 1 | G4: =IF(Evalucion!H2=Datos!$C$15,Datos!$D$15,IF(Evalucion!H2=Datos!$C$16,Datos!$D$16,IF(Evalucion!H2=Datos!$C$17,Datos!$D$17,IF(Evalucion!H2=Datos!$C$18,Datos!$D$18,IF(Evalucion!H2=Datos!$C$19,Datos!$D$19,"="))))) -> 5 | H4: =IF(Evalucion!I2=Datos!$C$15,Datos!$D$15,IF(Evalucion!I2=Datos!$C$16,Datos!$D$16,IF(Evalucion!I2=Datos!$C$17,Datos!$D$17,IF(Evalucion!I2=Datos!$C$18,Datos!$D$18,IF(Evalucion!I2=Datos!$C$19,Datos!$D$19,"="))))) -> 3 | I4: =IF(Evalucion!J2=Datos!$C$15,Datos!$D$15,IF(Evalucion!J2=Datos!$C$16,Datos!$D$16,IF(Evalucion!J2=Datos!$C$17,Datos!$D$17,IF(Evalucion!J2=Datos!$C$18,Datos!$D$18,IF(Evalucion!J2=Datos!$C$19,Datos!$D$19,"="))))) -> 5 | J4: =IF(Evalucion!K2=Datos!$C$15,Datos!$D$15,IF(Evalucion!K2=Datos!$C$16,Datos!$D$16,IF(Evalucion!K2=Datos!$C$17,Datos!$D$17,IF(Evalucion!K2=Datos!$C$18,Datos!$D$18,IF(Evalucion!K2=Datos!$C$19,Datos!$D$19,"="))))) -> 3 | K4: =IF(Evalucion!L2=Datos!$C$15,Datos!$D$15,IF(Evalucion!L2=Datos!$C$16,Datos!$D$16,IF(Evalucion!L2=Datos!$C$17,Datos!$D$17,IF(Evalucion!L2=Datos!$C$18,Datos!$D$18,IF(Evalucion!L2=Datos!$C$19,Datos!$D$19,"="))))) -> 5 | L4: =IF(Evalucion!M2=Datos!$C$15,Datos!$D$15,IF(Evalucion!M2=Datos!$C$16,Datos!$D$16,IF(Evalucion!M2=Datos!$C$17,Datos!$D$17,IF(Evalucion!M2=Datos!$C$18,Datos!$D$18,IF(Evalucion!M2=Datos!$C$19,Datos!$D$19,"="))))) -> 5 | ... AF4: =IF(Evalucion!AG2=Datos!$C$15,Datos!$D$15,IF(Evalucion!AG2=Datos!$C$16,Datos!$D$16,IF(Evalucion!AG2=Datos!$C$17,Datos!$D$17,IF(Evalucion!AG2=Datos!$C$18,Datos!$D$18,IF(Evalucion!AG2=Datos!$C$19,Datos!$D$19,"="))))) -> 5 | AO4: =IF(Evalucion!AP2=Datos!$C$15,Datos!$D$15,IF(Evalucion!AP2=Datos!$C$16,Datos!$D$16,IF(Evalucion!AP2=Datos!$C$17,Datos!$D$17,IF(Evalucion!AP2=Datos!$C$18,Datos!$D$18,IF(Evalucion!AP2=Datos!$C$19,Datos!$D$19,"="))))) -> 5 | AP4: =IF(Evalucion!AQ2=Datos!$C$15,Datos!$D$15,IF(Evalucion!AQ2=Datos!$C$16,Datos!$D$16,IF(Evalucion!AQ2=Datos!$C$17,Datos!$D$17,IF(Evalucion!AQ2=Datos!$C$18,Datos!$D$18,IF(Evalucion!AQ2=Datos!$C$19,Datos!$D$19,"="))))) -> 5 | AQ4: =IF(Evalucion!AR2=Datos!$C$15,Datos!$D$15,IF(Evalucion!AR2=Datos!$C$16,Datos!$D$16,IF(Evalucion!AR2=Datos!$C$17,Datos!$D$17,IF(Evalucion!AR2=Datos!$C$18,Datos!$D$18,IF(Evalucion!AR2=Datos!$C$19,Datos!$D$19,"="))))) -> 1 | AR4: =IF(Evalucion!AS2=Datos!$C$15,Datos!$D$15,IF(Evalucion!AS2=Datos!$C$16,Datos!$D$16,IF(Evalucion!AS2=Datos!$C$17,Datos!$D$17,IF(Evalucion!AS2=Datos!$C$18,Datos!$D$18,IF(Evalucion!AS2=Datos!$C$19,Datos!$D$19,"="))))) -> 5 | AS4: =IF(Evalucion!AT2=Datos!$C$15,Datos!$D$15,IF(Evalucion!AT2=Datos!$C$16,Datos!$D$16,IF(Evalucion!AT2=Datos!$C$17,Datos!$D$17,IF(Evalucion!AT2=Datos!$C$18,Datos!$D$18,IF(Evalucion!AT2=Datos!$C$19,Datos!$D$19,"="))))) -> 1 | AT4: =IF(Evalucion!AU2=Datos!$C$15,Datos!$D$15,IF(Evalucion!AU2=Datos!$C$16,Datos!$D$16,IF(Evalucion!AU2=Datos!$C$17,Datos!$D$17,IF(Evalucion!AU2=Datos!$C$18,Datos!$D$18,IF(Evalucion!AU2=Datos!$C$19,Datos!$D$19,"="))))) -> 5 | AV4: =IF(Evalucion!AW2=Datos!$C$15,Datos!$D$15,IF(Evalucion!AW2=Datos!$C$16,Datos!$D$16,IF(Evalucion!AW2=Datos!$C$17,Datos!$D$17,IF(Evalucion!AW2=Datos!$C$18,Datos!$D$18,IF(Evalucion!AW2=Datos!$C$19,Datos!$D$19,"="))))) -> 1 | AW4: =IF(Evalucion!AX2=Datos!$C$15,Datos!$D$15,IF(Evalucion!AX2=Datos!$C$16,Datos!$D$16,IF(Evalucion!AX2=Datos!$C$17,Datos!$D$17,IF(Evalucion!AX2=Datos!$C$18,Datos!$D$18,IF(Evalucion!AX2=Datos!$C$19,Datos!$D$19,"="))))) -> 5 | AX4: =IF(Evalucion!AY2=Datos!$C$15,Datos!$D$15,IF(Evalucion!AY2=Datos!$C$16,Datos!$D$16,IF(Evalucion!AY2=Datos!$C$17,Datos!$D$17,IF(Evalucion!AY2=Datos!$C$18,Datos!$D$18,IF(Evalucion!AY2=Datos!$C$19,Datos!$D$19,"="))))) -> 5 | AY4: =IF(Evalucion!AZ2=Datos!$C$15,Datos!$D$15,IF(Evalucion!AZ2=Datos!$C$16,Datos!$D$16,IF(Evalucion!AZ2=Datos!$C$17,Datos!$D$17,IF(Evalucion!AZ2=Datos!$C$18,Datos!$D$18,IF(Evalucion!AZ2=Datos!$C$19,Datos!$D$19,"="))))) -> 5 | AZ4: =IF(Evalucion!BA2=Datos!$C$15,Datos!$D$15,IF(Evalucion!BA2=Datos!$C$16,Datos!$D$16,IF(Evalucion!BA2=Datos!$C$17,Datos!$D$17,IF(Evalucion!BA2=Datos!$C$18,Datos!$D$18,IF(Evalucion!BA2=Datos!$C$19,Datos!$D$19,"="))))) -> 5 | BA4: =IF(Evalucion!BB2=Datos!$C$15,Datos!$D$15,IF(Evalucion!BB2=Datos!$C$16,Datos!$D$16,IF(Evalucion!BB2=Datos!$C$17,Datos!$D$17,IF(Evalucion!BB2=Datos!$C$18,Datos!$D$18,IF(Evalucion!BB2=Datos!$C$19,Datos!$D$19,"="))))) -> 5 | BB4: =IF(Evalucion!BC2=Datos!$C$15,Datos!$D$15,IF(Evalucion!BC2=Datos!$C$16,Datos!$D$16,IF(Evalucion!BC2=Datos!$C$17,Datos!$D$17,IF(Evalucion!BC2=Datos!$C$18,Datos!$D$18,IF(Evalucion!BC2=Datos!$C$19,Datos!$D$19,"="))))) -> 5 | BC4: =IF(Evalucion!BD2=Datos!$C$15,Datos!$D$15,IF(Evalucion!BD2=Datos!$C$16,Datos!$D$16,IF(Evalucion!BD2=Datos!$C$17,Datos!$D$17,IF(Evalucion!BD2=Datos!$C$18,Datos!$D$18,IF(Evalucion!BD2=Datos!$C$19,Datos!$D$19,"="))))) -> 5 | ... EY4: =IF(Evalucion!EZ2=Datos!$C$15,Datos!$D$15,IF(Evalucion!EZ2=Datos!$C$16,Datos!$D$16,IF(Evalucion!EZ2=Datos!$C$17,Datos!$D$17,IF(Evalucion!EZ2=Datos!$C$18,Datos!$D$18,IF(Evalucion!EZ2=Datos!$C$19,Datos!$D$19,"="))))) -> 3 | FA4: =SUMIF($E$2:$EY$2,FA$3,$E4:$EY4) -> 315 | FB4: =SUMIF($E$2:$EY$2,FB$3,$E4:$EY4) -> 307 | FC4: =FB4/($FB$2*5) -> 0.81866667 | FD4: =IF(FC4>0.899,$FI$4,IF(FC4>0.499,$FI$5,$FI$6)) -> Conf_CR | FF4: =SUM(E4:EY4) -> 622 | FG4: =FF4-FB4-FA4 -> 0 | FI4: Confiable | FJ4: =COUNTIF(FD:FD,FI4) -> 0 | FK4: =FJ4/$FJ$7 -> 0
A5: 2 | B5: PRODUCTO 2 - INDUSTRIAL - FABRICANTE 1 | C5: FABRICANTE 1 | D5: 43889 | E5: =IF(Evalucion!F3=Datos!$C$15,Datos!$D$15,IF(Evalucion!F3=Datos!$C$16,Datos!$D$16,IF(Evalucion!F3=Datos!$C$17,Datos!$D$17,IF(Evalucion!F3=Datos!$C$18,Datos!$D$18,IF(Evalucion!F3=Datos!$C$19,Datos!$D$19,"="))))) -> 5 | F5: =IF(Evalucion!G3=Datos!$C$15,Datos!$D$15,IF(Evalucion!G3=Datos!$C$16,Datos!$D$16,IF(Evalucion!G3=Datos!$C$17,Datos!$D$17,IF(Evalucion!G3=Datos!$C$18,Datos!$D$18,IF(Evalucion!G3=Datos!$C$19,Datos!$D$19,"="))))) -> 1 | G5: =IF(Evalucion!H3=Datos!$C$15,Datos!$D$15,IF(Evalucion!H3=Datos!$C$16,Datos!$D$16,IF(Evalucion!H3=Datos!$C$17,Datos!$D$17,IF(Evalucion!H3=Datos!$C$18,Datos!$D$18,IF(Evalucion!H3=Datos!$C$19,Datos!$D$19,"="))))) -> 5 | H5: =IF(Evalucion!I3=Datos!$C$15,Datos!$D$15,IF(Evalucion!I3=Datos!$C$16,Datos!$D$16,IF(Evalucion!I3=Datos!$C$17,Datos!$D$17,IF(Evalucion!I3=Datos!$C$18,Datos!$D$18,IF(Evalucion!I3=Datos!$C$19,Datos!$D$19,"="))))) -> 3 | I5: =IF(Evalucion!J3=Datos!$C$15,Datos!$D$15,IF(Evalucion!J3=Datos!$C$16,Datos!$D$16,IF(Evalucion!J3=Datos!$C$17,Datos!$D$17,IF(Evalucion!J3=Datos!$C$18,Datos!$D$18,IF(Evalucion!J3=Datos!$C$19,Datos!$D$19,"="))))) -> 5 | J5: =IF(Evalucion!K3=Datos!$C$15,Datos!$D$15,IF(Evalucion!K3=Datos!$C$16,Datos!$D$16,IF(Evalucion!K3=Datos!$C$17,Datos!$D$17,IF(Evalucion!K3=Datos!$C$18,Datos!$D$18,IF(Evalucion!K3=Datos!$C$19,Datos!$D$19,"="))))) -> 3 | K5: =IF(Evalucion!L3=Datos!$C$15,Datos!$D$15,IF(Evalucion!L3=Datos!$C$16,Datos!$D$16,IF(Evalucion!L3=Datos!$C$17,Datos!$D$17,IF(Evalucion!L3=Datos!$C$18,Datos!$D$18,IF(Evalucion!L3=Datos!$C$19,Datos!$D$19,"="))))) -> 5 | L5: =IF(Evalucion!M3=Datos!$C$15,Datos!$D$15,IF(Evalucion!M3=Datos!$C$16,Datos!$D$16,IF(Evalucion!M3=Datos!$C$17,Datos!$D$17,IF(Evalucion!M3=Datos!$C$18,Datos!$D$18,IF(Evalucion!M3=Datos!$C$19,Datos!$D$19,"="))))) -> 5 | ... AF5: =IF(Evalucion!AG3=Datos!$C$15,Datos!$D$15,IF(Evalucion!AG3=Datos!$C$16,Datos!$D$16,IF(Evalucion!AG3=Datos!$C$17,Datos!$D$17,IF(Evalucion!AG3=Datos!$C$18,Datos!$D$18,IF(Evalucion!AG3=Datos!$C$19,Datos!$D$19,"="))))) -> 5 | AO5: =IF(Evalucion!AP3=Datos!$C$15,Datos!$D$15,IF(Evalucion!AP3=Datos!$C$16,Datos!$D$16,IF(Evalucion!AP3=Datos!$C$17,Datos!$D$17,IF(Evalucion!AP3=Datos!$C$18,Datos!$D$18,IF(Evalucion!AP3=Datos!$C$19,Datos!$D$19,"="))))) -> 5 | AP5: =IF(Evalucion!AQ3=Datos!$C$15,Datos!$D$15,IF(Evalucion!AQ3=Datos!$C$16,Datos!$D$16,IF(Evalucion!AQ3=Datos!$C$17,Datos!$D$17,IF(Evalucion!AQ3=Datos!$C$18,Datos!$D$18,IF(Evalucion!AQ3=Datos!$C$19,Datos!$D$19,"="))))) -> 5 | AQ5: =IF(Evalucion!AR3=Datos!$C$15,Datos!$D$15,IF(Evalucion!AR3=Datos!$C$16,Datos!$D$16,IF(Evalucion!AR3=Datos!$C$17,Datos!$D$17,IF(Evalucion!AR3=Datos!$C$18,Datos!$D$18,IF(Evalucion!AR3=Datos!$C$19,Datos!$D$19,"="))))) -> 1 | AR5: =IF(Evalucion!AS3=Datos!$C$15,Datos!$D$15,IF(Evalucion!AS3=Datos!$C$16,Datos!$D$16,IF(Evalucion!AS3=Datos!$C$17,Datos!$D$17,IF(Evalucion!AS3=Datos!$C$18,Datos!$D$18,IF(Evalucion!AS3=Datos!$C$19,Datos!$D$19,"="))))) -> 5 | AS5: =IF(Evalucion!AT3=Datos!$C$15,Datos!$D$15,IF(Evalucion!AT3=Datos!$C$16,Datos!$D$16,IF(Evalucion!AT3=Datos!$C$17,Datos!$D$17,IF(Evalucion!AT3=Datos!$C$18,Datos!$D$18,IF(Evalucion!AT3=Datos!$C$19,Datos!$D$19,"="))))) -> 1 | AT5: =IF(Evalucion!AU3=Datos!$C$15,Datos!$D$15,IF(Evalucion!AU3=Datos!$C$16,Datos!$D$16,IF(Evalucion!AU3=Datos!$C$17,Datos!$D$17,IF(Evalucion!AU3=Datos!$C$18,Datos!$D$18,IF(Evalucion!AU3=Datos!$C$19,Datos!$D$19,"="))))) -> 5 | AV5: =IF(Evalucion!AW3=Datos!$C$15,Datos!$D$15,IF(Evalucion!AW3=Datos!$C$16,Datos!$D$16,IF(Evalucion!AW3=Datos!$C$17,Datos!$D$17,IF(Evalucion!AW3=Datos!$C$18,Datos!$D$18,IF(Evalucion!AW3=Datos!$C$19,Datos!$D$19,"="))))) -> 1 | AW5: =IF(Evalucion!AX3=Datos!$C$15,Datos!$D$15,IF(Evalucion!AX3=Datos!$C$16,Datos!$D$16,IF(Evalucion!AX3=Datos!$C$17,Datos!$D$17,IF(Evalucion!AX3=Datos!$C$18,Datos!$D$18,IF(Evalucion!AX3=Datos!$C$19,Datos!$D$19,"="))))) -> 5 | AX5: =IF(Evalucion!AY3=Datos!$C$15,Datos!$D$15,IF(Evalucion!AY3=Datos!$C$16,Datos!$D$16,IF(Evalucion!AY3=Datos!$C$17,Datos!$D$17,IF(Evalucion!AY3=Datos!$C$18,Datos!$D$18,IF(Evalucion!AY3=Datos!$C$19,Datos!$D$19,"="))))) -> 5 | AY5: =IF(Evalucion!AZ3=Datos!$C$15,Datos!$D$15,IF(Evalucion!AZ3=Datos!$C$16,Datos!$D$16,IF(Evalucion!AZ3=Datos!$C$17,Datos!$D$17,IF(Evalucion!AZ3=Datos!$C$18,Datos!$D$18,IF(Evalucion!AZ3=Datos!$C$19,Datos!$D$19,"="))))) -> 5 | AZ5: =IF(Evalucion!BA3=Datos!$C$15,Datos!$D$15,IF(Evalucion!BA3=Datos!$C$16,Datos!$D$16,IF(Evalucion!BA3=Datos!$C$17,Datos!$D$17,IF(Evalucion!BA3=Datos!$C$18,Datos!$D$18,IF(Evalucion!BA3=Datos!$C$19,Datos!$D$19,"="))))) -> 5 | BA5: =IF(Evalucion!BB3=Datos!$C$15,Datos!$D$15,IF(Evalucion!BB3=Datos!$C$16,Datos!$D$16,IF(Evalucion!BB3=Datos!$C$17,Datos!$D$17,IF(Evalucion!BB3=Datos!$C$18,Datos!$D$18,IF(Evalucion!BB3=Datos!$C$19,Datos!$D$19,"="))))) -> 5 | BB5: =IF(Evalucion!BC3=Datos!$C$15,Datos!$D$15,IF(Evalucion!BC3=Datos!$C$16,Datos!$D$16,IF(Evalucion!BC3=Datos!$C$17,Datos!$D$17,IF(Evalucion!BC3=Datos!$C$18,Datos!$D$18,IF(Evalucion!BC3=Datos!$C$19,Datos!$D$19,"="))))) -> 5 | BC5: =IF(Evalucion!BD3=Datos!$C$15,Datos!$D$15,IF(Evalucion!BD3=Datos!$C$16,Datos!$D$16,IF(Evalucion!BD3=Datos!$C$17,Datos!$D$17,IF(Evalucion!BD3=Datos!$C$18,Datos!$D$18,IF(Evalucion!BD3=Datos!$C$19,Datos!$D$19,"="))))) -> 5 | ... EY5: =IF(Evalucion!EZ3=Datos!$C$15,Datos!$D$15,IF(Evalucion!EZ3=Datos!$C$16,Datos!$D$16,IF(Evalucion!EZ3=Datos!$C$17,Datos!$D$17,IF(Evalucion!EZ3=Datos!$C$18,Datos!$D$18,IF(Evalucion!EZ3=Datos!$C$19,Datos!$D$19,"="))))) -> 3 | FA5: =SUMIF($E$2:$EY$2,FA$3,$E5:$EY5) -> 315 | FB5: =SUMIF($E$2:$EY$2,FB$3,$E5:$EY5) -> 313 | FC5: =FB5/($FB$2*5) -> 0.83466667 | FD5: =IF(FC5>0.899,$FI$4,IF(FC5>0.499,$FI$5,$FI$6)) -> Conf_CR | FF5: =SUM(E5:EY5) -> 628 | FG5: =FF5-FB5-FA5 -> 0 | FI5: Conf_CR | FJ5: =COUNTIF(FD:FD,FI5) -> 34 | FK5: =FJ5/$FJ$7 -> 0.68
A6: 3 | B6: PRODUCTO 3 - INDUSTRIAL - FABRICANTE 1 | C6: FABRICANTE 1 | D6: 43889 | E6: =IF(Evalucion!F4=Datos!$C$15,Datos!$D$15,IF(Evalucion!F4=Datos!$C$16,Datos!$D$16,IF(Evalucion!F4=Datos!$C$17,Datos!$D$17,IF(Evalucion!F4=Datos!$C$18,Datos!$D$18,IF(Evalucion!F4=Datos!$C$19,Datos!$D$19,"="))))) -> 5 | F6: =IF(Evalucion!G4=Datos!$C$15,Datos!$D$15,IF(Evalucion!G4=Datos!$C$16,Datos!$D$16,IF(Evalucion!G4=Datos!$C$17,Datos!$D$17,IF(Evalucion!G4=Datos!$C$18,Datos!$D$18,IF(Evalucion!G4=Datos!$C$19,Datos!$D$19,"="))))) -> 1 | G6: =IF(Evalucion!H4=Datos!$C$15,Datos!$D$15,IF(Evalucion!H4=Datos!$C$16,Datos!$D$16,IF(Evalucion!H4=Datos!$C$17,Datos!$D$17,IF(Evalucion!H4=Datos!$C$18,Datos!$D$18,IF(Evalucion!H4=Datos!$C$19,Datos!$D$19,"="))))) -> 5 | H6: =IF(Evalucion!I4=Datos!$C$15,Datos!$D$15,IF(Evalucion!I4=Datos!$C$16,Datos!$D$16,IF(Evalucion!I4=Datos!$C$17,Datos!$D$17,IF(Evalucion!I4=Datos!$C$18,Datos!$D$18,IF(Evalucion!I4=Datos!$C$19,Datos!$D$19,"="))))) -> 3 | I6: =IF(Evalucion!J4=Datos!$C$15,Datos!$D$15,IF(Evalucion!J4=Datos!$C$16,Datos!$D$16,IF(Evalucion!J4=Datos!$C$17,Datos!$D$17,IF(Evalucion!J4=Datos!$C$18,Datos!$D$18,IF(Evalucion!J4=Datos!$C$19,Datos!$D$19,"="))))) -> 5 | J6: =IF(Evalucion!K4=Datos!$C$15,Datos!$D$15,IF(Evalucion!K4=Datos!$C$16,Datos!$D$16,IF(Evalucion!K4=Datos!$C$17,Datos!$D$17,IF(Evalucion!K4=Datos!$C$18,Datos!$D$18,IF(Evalucion!K4=Datos!$C$19,Datos!$D$19,"="))))) -> 3 | K6: =IF(Evalucion!L4=Datos!$C$15,Datos!$D$15,IF(Evalucion!L4=Datos!$C$16,Datos!$D$16,IF(Evalucion!L4=Datos!$C$17,Datos!$D$17,IF(Evalucion!L4=Datos!$C$18,Datos!$D$18,IF(Evalucion!L4=Datos!$C$19,Datos!$D$19,"="))))) -> 5 | L6: =IF(Evalucion!M4=Datos!$C$15,Datos!$D$15,IF(Evalucion!M4=Datos!$C$16,Datos!$D$16,IF(Evalucion!M4=Datos!$C$17,Datos!$D$17,IF(Evalucion!M4=Datos!$C$18,Datos!$D$18,IF(Evalucion!M4=Datos!$C$19,Datos!$D$19,"="))))) -> 5 | ... AF6: =IF(Evalucion!AG4=Datos!$C$15,Datos!$D$15,IF(Evalucion!AG4=Datos!$C$16,Datos!$D$16,IF(Evalucion!AG4=Datos!$C$17,Datos!$D$17,IF(Evalucion!AG4=Datos!$C$18,Datos!$D$18,IF(Evalucion!AG4=Datos!$C$19,Datos!$D$19,"="))))) -> 5 | AO6: =IF(Evalucion!AP4=Datos!$C$15,Datos!$D$15,IF(Evalucion!AP4=Datos!$C$16,Datos!$D$16,IF(Evalucion!AP4=Datos!$C$17,Datos!$D$17,IF(Evalucion!AP4=Datos!$C$18,Datos!$D$18,IF(Evalucion!AP4=Datos!$C$19,Datos!$D$19,"="))))) -> 5 | AP6: =IF(Evalucion!AQ4=Datos!$C$15,Datos!$D$15,IF(Evalucion!AQ4=Datos!$C$16,Datos!$D$16,IF(Evalucion!AQ4=Datos!$C$17,Datos!$D$17,IF(Evalucion!AQ4=Datos!$C$18,Datos!$D$18,IF(Evalucion!AQ4=Datos!$C$19,Datos!$D$19,"="))))) -> 5 | AQ6: =IF(Evalucion!AR4=Datos!$C$15,Datos!$D$15,IF(Evalucion!AR4=Datos!$C$16,Datos!$D$16,IF(Evalucion!AR4=Datos!$C$17,Datos!$D$17,IF(Evalucion!AR4=Datos!$C$18,Datos!$D$18,IF(Evalucion!AR4=Datos!$C$19,Datos!$D$19,"="))))) -> 1 | AR6: =IF(Evalucion!AS4=Datos!$C$15,Datos!$D$15,IF(Evalucion!AS4=Datos!$C$16,Datos!$D$16,IF(Evalucion!AS4=Datos!$C$17,Datos!$D$17,IF(Evalucion!AS4=Datos!$C$18,Datos!$D$18,IF(Evalucion!AS4=Datos!$C$19,Datos!$D$19,"="))))) -> 5 | AS6: =IF(Evalucion!AT4=Datos!$C$15,Datos!$D$15,IF(Evalucion!AT4=Datos!$C$16,Datos!$D$16,IF(Evalucion!AT4=Datos!$C$17,Datos!$D$17,IF(Evalucion!AT4=Datos!$C$18,Datos!$D$18,IF(Evalucion!AT4=Datos!$C$19,Datos!$D$19,"="))))) -> 1 | AT6: =IF(Evalucion!AU4=Datos!$C$15,Datos!$D$15,IF(Evalucion!AU4=Datos!$C$16,Datos!$D$16,IF(Evalucion!AU4=Datos!$C$17,Datos!$D$17,IF(Evalucion!AU4=Datos!$C$18,Datos!$D$18,IF(Evalucion!AU4=Datos!$C$19,Datos!$D$19,"="))))) -> 5 | AV6: =IF(Evalucion!AW4=Datos!$C$15,Datos!$D$15,IF(Evalucion!AW4=Datos!$C$16,Datos!$D$16,IF(Evalucion!AW4=Datos!$C$17,Datos!$D$17,IF(Evalucion!AW4=Datos!$C$18,Datos!$D$18,IF(Evalucion!AW4=Datos!$C$19,Datos!$D$19,"="))))) -> 1 | AW6: =IF(Evalucion!AX4=Datos!$C$15,Datos!$D$15,IF(Evalucion!AX4=Datos!$C$16,Datos!$D$16,IF(Evalucion!AX4=Datos!$C$17,Datos!$D$17,IF(Evalucion!AX4=Datos!$C$18,Datos!$D$18,IF(Evalucion!AX4=Datos!$C$19,Datos!$D$19,"="))))) -> 5 | AX6: =IF(Evalucion!AY4=Datos!$C$15,Datos!$D$15,IF(Evalucion!AY4=Datos!$C$16,Datos!$D$16,IF(Evalucion!AY4=Datos!$C$17,Datos!$D$17,IF(Evalucion!AY4=Datos!$C$18,Datos!$D$18,IF(Evalucion!AY4=Datos!$C$19,Datos!$D$19,"="))))) -> 5 | AY6: =IF(Evalucion!AZ4=Datos!$C$15,Datos!$D$15,IF(Evalucion!AZ4=Datos!$C$16,Datos!$D$16,IF(Evalucion!AZ4=Datos!$C$17,Datos!$D$17,IF(Evalucion!AZ4=Datos!$C$18,Datos!$D$18,IF(Evalucion!AZ4=Datos!$C$19,Datos!$D$19,"="))))) -> 5 | AZ6: =IF(Evalucion!BA4=Datos!$C$15,Datos!$D$15,IF(Evalucion!BA4=Datos!$C$16,Datos!$D$16,IF(Evalucion!BA4=Datos!$C$17,Datos!$D$17,IF(Evalucion!BA4=Datos!$C$18,Datos!$D$18,IF(Evalucion!BA4=Datos!$C$19,Datos!$D$19,"="))))) -> 5 | BA6: =IF(Evalucion!BB4=Datos!$C$15,Datos!$D$15,IF(Evalucion!BB4=Datos!$C$16,Datos!$D$16,IF(Evalucion!BB4=Datos!$C$17,Datos!$D$17,IF(Evalucion!BB4=Datos!$C$18,Datos!$D$18,IF(Evalucion!BB4=Datos!$C$19,Datos!$D$19,"="))))) -> 5 | BB6: =IF(Evalucion!BC4=Datos!$C$15,Datos!$D$15,IF(Evalucion!BC4=Datos!$C$16,Datos!$D$16,IF(Evalucion!BC4=Datos!$C$17,Datos!$D$17,IF(Evalucion!BC4=Datos!$C$18,Datos!$D$18,IF(Evalucion!BC4=Datos!$C$19,Datos!$D$19,"="))))) -> 5 | BC6: =IF(Evalucion!BD4=Datos!$C$15,Datos!$D$15,IF(Evalucion!BD4=Datos!$C$16,Datos!$D$16,IF(Evalucion!BD4=Datos!$C$17,Datos!$D$17,IF(Evalucion!BD4=Datos!$C$18,Datos!$D$18,IF(Evalucion!BD4=Datos!$C$19,Datos!$D$19,"="))))) -> 5 | ... EY6: =IF(Evalucion!EZ4=Datos!$C$15,Datos!$D$15,IF(Evalucion!EZ4=Datos!$C$16,Datos!$D$16,IF(Evalucion!EZ4=Datos!$C$17,Datos!$D$17,IF(Evalucion!EZ4=Datos!$C$18,Datos!$D$18,IF(Evalucion!EZ4=Datos!$C$19,Datos!$D$19,"="))))) -> 3 | FA6: =SUMIF($E$2:$EY$2,FA$3,$E6:$EY6) -> 315 | FB6: =SUMIF($E$2:$EY$2,FB$3,$E6:$EY6) -> 309 | FC6: =FB6/($FB$2*5) -> 0.824 | FD6: =IF(FC6>0.899,$FI$4,IF(FC6>0.499,$FI$5,$FI$6)) -> Conf_CR | FF6: =SUM(E6:EY6) -> 624 | FG6: =FF6-FB6-FA6 -> 0 | FI6: NO_Conf | FJ6: =COUNTIF(FD:FD,FI6) -> 16 | FK6: =FJ6/$FJ$7 -> 0.32
A7: 4 | B7: PRODUCTO 4 - INDUSTRIAL - FABRICANTE 1 | C7: FABRICANTE 1 | D7: 43834 | E7: =IF(Evalucion!F5=Datos!$C$15,Datos!$D$15,IF(Evalucion!F5=Datos!$C$16,Datos!$D$16,IF(Evalucion!F5=Datos!$C$17,Datos!$D$17,IF(Evalucion!F5=Datos!$C$18,Datos!$D$18,IF(Evalucion!F5=Datos!$C$19,Datos!$D$19,"="))))) -> 5 | F7: =IF(Evalucion!G5=Datos!$C$15,Datos!$D$15,IF(Evalucion!G5=Datos!$C$16,Datos!$D$16,IF(Evalucion!G5=Datos!$C$17,Datos!$D$17,IF(Evalucion!G5=Datos!$C$18,Datos!$D$18,IF(Evalucion!G5=Datos!$C$19,Datos!$D$19,"="))))) -> 1 | G7: =IF(Evalucion!H5=Datos!$C$15,Datos!$D$15,IF(Evalucion!H5=Datos!$C$16,Datos!$D$16,IF(Evalucion!H5=Datos!$C$17,Datos!$D$17,IF(Evalucion!H5=Datos!$C$18,Datos!$D$18,IF(Evalucion!H5=Datos!$C$19,Datos!$D$19,"="))))) -> 5 | H7: =IF(Evalucion!I5=Datos!$C$15,Datos!$D$15,IF(Evalucion!I5=Datos!$C$16,Datos!$D$16,IF(Evalucion!I5=Datos!$C$17,Datos!$D$17,IF(Evalucion!I5=Datos!$C$18,Datos!$D$18,IF(Evalucion!I5=Datos!$C$19,Datos!$D$19,"="))))) -> 3 | I7: =IF(Evalucion!J5=Datos!$C$15,Datos!$D$15,IF(Evalucion!J5=Datos!$C$16,Datos!$D$16,IF(Evalucion!J5=Datos!$C$17,Datos!$D$17,IF(Evalucion!J5=Datos!$C$18,Datos!$D$18,IF(Evalucion!J5=Datos!$C$19,Datos!$D$19,"="))))) -> 5 | J7: =IF(Evalucion!K5=Datos!$C$15,Datos!$D$15,IF(Evalucion!K5=Datos!$C$16,Datos!$D$16,IF(Evalucion!K5=Datos!$C$17,Datos!$D$17,IF(Evalucion!K5=Datos!$C$18,Datos!$D$18,IF(Evalucion!K5=Datos!$C$19,Datos!$D$19,"="))))) -> 3 | K7: =IF(Evalucion!L5=Datos!$C$15,Datos!$D$15,IF(Evalucion!L5=Datos!$C$16,Datos!$D$16,IF(Evalucion!L5=Datos!$C$17,Datos!$D$17,IF(Evalucion!L5=Datos!$C$18,Datos!$D$18,IF(Evalucion!L5=Datos!$C$19,Datos!$D$19,"="))))) -> 5 | L7: =IF(Evalucion!M5=Datos!$C$15,Datos!$D$15,IF(Evalucion!M5=Datos!$C$16,Datos!$D$16,IF(Evalucion!M5=Datos!$C$17,Datos!$D$17,IF(Evalucion!M5=Datos!$C$18,Datos!$D$18,IF(Evalucion!M5=Datos!$C$19,Datos!$D$19,"="))))) -> 5 | ... AF7: =IF(Evalucion!AG5=Datos!$C$15,Datos!$D$15,IF(Evalucion!AG5=Datos!$C$16,Datos!$D$16,IF(Evalucion!AG5=Datos!$C$17,Datos!$D$17,IF(Evalucion!AG5=Datos!$C$18,Datos!$D$18,IF(Evalucion!AG5=Datos!$C$19,Datos!$D$19,"="))))) -> 5 | AO7: =IF(Evalucion!AP5=Datos!$C$15,Datos!$D$15,IF(Evalucion!AP5=Datos!$C$16,Datos!$D$16,IF(Evalucion!AP5=Datos!$C$17,Datos!$D$17,IF(Evalucion!AP5=Datos!$C$18,Datos!$D$18,IF(Evalucion!AP5=Datos!$C$19,Datos!$D$19,"="))))) -> 5 | AP7: =IF(Evalucion!AQ5=Datos!$C$15,Datos!$D$15,IF(Evalucion!AQ5=Datos!$C$16,Datos!$D$16,IF(Evalucion!AQ5=Datos!$C$17,Datos!$D$17,IF(Evalucion!AQ5=Datos!$C$18,Datos!$D$18,IF(Evalucion!AQ5=Datos!$C$19,Datos!$D$19,"="))))) -> 5 | AQ7: =IF(Evalucion!AR5=Datos!$C$15,Datos!$D$15,IF(Evalucion!AR5=Datos!$C$16,Datos!$D$16,IF(Evalucion!AR5=Datos!$C$17,Datos!$D$17,IF(Evalucion!AR5=Datos!$C$18,Datos!$D$18,IF(Evalucion!AR5=Datos!$C$19,Datos!$D$19,"="))))) -> 1 | AR7: =IF(Evalucion!AS5=Datos!$C$15,Datos!$D$15,IF(Evalucion!AS5=Datos!$C$16,Datos!$D$16,IF(Evalucion!AS5=Datos!$C$17,Datos!$D$17,IF(Evalucion!AS5=Datos!$C$18,Datos!$D$18,IF(Evalucion!AS5=Datos!$C$19,Datos!$D$19,"="))))) -> 5 | AS7: =IF(Evalucion!AT5=Datos!$C$15,Datos!$D$15,IF(Evalucion!AT5=Datos!$C$16,Datos!$D$16,IF(Evalucion!AT5=Datos!$C$17,Datos!$D$17,IF(Evalucion!AT5=Datos!$C$18,Datos!$D$18,IF(Evalucion!AT5=Datos!$C$19,Datos!$D$19,"="))))) -> 1 | AT7: =IF(Evalucion!AU5=Datos!$C$15,Datos!$D$15,IF(Evalucion!AU5=Datos!$C$16,Datos!$D$16,IF(Evalucion!AU5=Datos!$C$17,Datos!$D$17,IF(Evalucion!AU5=Datos!$C$18,Datos!$D$18,IF(Evalucion!AU5=Datos!$C$19,Datos!$D$19,"="))))) -> 5 | AV7: =IF(Evalucion!AW5=Datos!$C$15,Datos!$D$15,IF(Evalucion!AW5=Datos!$C$16,Datos!$D$16,IF(Evalucion!AW5=Datos!$C$17,Datos!$D$17,IF(Evalucion!AW5=Datos!$C$18,Datos!$D$18,IF(Evalucion!AW5=Datos!$C$19,Datos!$D$19,"="))))) -> 1 | AW7: =IF(Evalucion!AX5=Datos!$C$15,Datos!$D$15,IF(Evalucion!AX5=Datos!$C$16,Datos!$D$16,IF(Evalucion!AX5=Datos!$C$17,Datos!$D$17,IF(Evalucion!AX5=Datos!$C$18,Datos!$D$18,IF(Evalucion!AX5=Datos!$C$19,Datos!$D$19,"="))))) -> 5 | AX7: =IF(Evalucion!AY5=Datos!$C$15,Datos!$D$15,IF(Evalucion!AY5=Datos!$C$16,Datos!$D$16,IF(Evalucion!AY5=Datos!$C$17,Datos!$D$17,IF(Evalucion!AY5=Datos!$C$18,Datos!$D$18,IF(Evalucion!AY5=Datos!$C$19,Datos!$D$19,"="))))) -> 5 | AY7: =IF(Evalucion!AZ5=Datos!$C$15,Datos!$D$15,IF(Evalucion!AZ5=Datos!$C$16,Datos!$D$16,IF(Evalucion!AZ5=Datos!$C$17,Datos!$D$17,IF(Evalucion!AZ5=Datos!$C$18,Datos!$D$18,IF(Evalucion!AZ5=Datos!$C$19,Datos!$D$19,"="))))) -> 5 | AZ7: =IF(Evalucion!BA5=Datos!$C$15,Datos!$D$15,IF(Evalucion!BA5=Datos!$C$16,Datos!$D$16,IF(Evalucion!BA5=Datos!$C$17,Datos!$D$17,IF(Evalucion!BA5=Datos!$C$18,Datos!$D$18,IF(Evalucion!BA5=Datos!$C$19,Datos!$D$19,"="))))) -> 5 | BA7: =IF(Evalucion!BB5=Datos!$C$15,Datos!$D$15,IF(Evalucion!BB5=Datos!$C$16,Datos!$D$16,IF(Evalucion!BB5=Datos!$C$17,Datos!$D$17,IF(Evalucion!BB5=Datos!$C$18,Datos!$D$18,IF(Evalucion!BB5=Datos!$C$19,Datos!$D$19,"="))))) -> 5 | BB7: =IF(Evalucion!BC5=Datos!$C$15,Datos!$D$15,IF(Evalucion!BC5=Datos!$C$16,Datos!$D$16,IF(Evalucion!BC5=Datos!$C$17,Datos!$D$17,IF(Evalucion!BC5=Datos!$C$18,Datos!$D$18,IF(Evalucion!BC5=Datos!$C$19,Datos!$D$19,"="))))) -> 5 | BC7: =IF(Evalucion!BD5=Datos!$C$15,Datos!$D$15,IF(Evalucion!BD5=Datos!$C$16,Datos!$D$16,IF(Evalucion!BD5=Datos!$C$17,Datos!$D$17,IF(Evalucion!BD5=Datos!$C$18,Datos!$D$18,IF(Evalucion!BD5=Datos!$C$19,Datos!$D$19,"="))))) -> 5 | ... EY7: =IF(Evalucion!EZ5=Datos!$C$15,Datos!$D$15,IF(Evalucion!EZ5=Datos!$C$16,Datos!$D$16,IF(Evalucion!EZ5=Datos!$C$17,Datos!$D$17,IF(Evalucion!EZ5=Datos!$C$18,Datos!$D$18,IF(Evalucion!EZ5=Datos!$C$19,Datos!$D$19,"="))))) -> 3 | FA7: =SUMIF($E$2:$EY$2,FA$3,$E7:$EY7) -> 335 | FB7: =SUMIF($E$2:$EY$2,FB$3,$E7:$EY7) -> 321 | FC7: =FB7/($FB$2*5) -> 0.856 | FD7: =IF(FC7>0.899,$FI$4,IF(FC7>0.499,$FI$5,$FI$6)) -> Conf_CR | FF7: =SUM(E7:EY7) -> 656 | FG7: =FF7-FB7-FA7 -> 0 | FJ7: =SUM(FJ4:FJ6) -> 50
A8: 5 | B8: PRODUCTO 5 - INDUSTRIAL - FABRICANTE 1 | C8: FABRICANTE 1 | D8: 43987 | E8: =IF(Evalucion!F6=Datos!$C$15,Datos!$D$15,IF(Evalucion!F6=Datos!$C$16,Datos!$D$16,IF(Evalucion!F6=Datos!$C$17,Datos!$D$17,IF(Evalucion!F6=Datos!$C$18,Datos!$D$18,IF(Evalucion!F6=Datos!$C$19,Datos!$D$19,"="))))) -> 5 | F8: =IF(Evalucion!G6=Datos!$C$15,Datos!$D$15,IF(Evalucion!G6=Datos!$C$16,Datos!$D$16,IF(Evalucion!G6=Datos!$C$17,Datos!$D$17,IF(Evalucion!G6=Datos!$C$18,Datos!$D$18,IF(Evalucion!G6=Datos!$C$19,Datos!$D$19,"="))))) -> 1 | G8: =IF(Evalucion!H6=Datos!$C$15,Datos!$D$15,IF(Evalucion!H6=Datos!$C$16,Datos!$D$16,IF(Evalucion!H6=Datos!$C$17,Datos!$D$17,IF(Evalucion!H6=Datos!$C$18,Datos!$D$18,IF(Evalucion!H6=Datos!$C$19,Datos!$D$19,"="))))) -> 5 | H8: =IF(Evalucion!I6=Datos!$C$15,Datos!$D$15,IF(Evalucion!I6=Datos!$C$16,Datos!$D$16,IF(Evalucion!I6=Datos!$C$17,Datos!$D$17,IF(Evalucion!I6=Datos!$C$18,Datos!$D$18,IF(Evalucion!I6=Datos!$C$19,Datos!$D$19,"="))))) -> 3 | I8: =IF(Evalucion!J6=Datos!$C$15,Datos!$D$15,IF(Evalucion!J6=Datos!$C$16,Datos!$D$16,IF(Evalucion!J6=Datos!$C$17,Datos!$D$17,IF(Evalucion!J6=Datos!$C$18,Datos!$D$18,IF(Evalucion!J6=Datos!$C$19,Datos!$D$19,"="))))) -> 5 | J8: =IF(Evalucion!K6=Datos!$C$15,Datos!$D$15,IF(Evalucion!K6=Datos!$C$16,Datos!$D$16,IF(Evalucion!K6=Datos!$C$17,Datos!$D$17,IF(Evalucion!K6=Datos!$C$18,Datos!$D$18,IF(Evalucion!K6=Datos!$C$19,Datos!$D$19,"="))))) -> 3 | K8: =IF(Evalucion!L6=Datos!$C$15,Datos!$D$15,IF(Evalucion!L6=Datos!$C$16,Datos!$D$16,IF(Evalucion!L6=Datos!$C$17,Datos!$D$17,IF(Evalucion!L6=Datos!$C$18,Datos!$D$18,IF(Evalucion!L6=Datos!$C$19,Datos!$D$19,"="))))) -> 5 | L8: =IF(Evalucion!M6=Datos!$C$15,Datos!$D$15,IF(Evalucion!M6=Datos!$C$16,Datos!$D$16,IF(Evalucion!M6=Datos!$C$17,Datos!$D$17,IF(Evalucion!M6=Datos!$C$18,Datos!$D$18,IF(Evalucion!M6=Datos!$C$19,Datos!$D$19,"="))))) -> 5 | ... AF8: =IF(Evalucion!AG6=Datos!$C$15,Datos!$D$15,IF(Evalucion!AG6=Datos!$C$16,Datos!$D$16,IF(Evalucion!AG6=Datos!$C$17,Datos!$D$17,IF(Evalucion!AG6=Datos!$C$18,Datos!$D$18,IF(Evalucion!AG6=Datos!$C$19,Datos!$D$19,"="))))) -> 5 | AO8: =IF(Evalucion!AP6=Datos!$C$15,Datos!$D$15,IF(Evalucion!AP6=Datos!$C$16,Datos!$D$16,IF(Evalucion!AP6=Datos!$C$17,Datos!$D$17,IF(Evalucion!AP6=Datos!$C$18,Datos!$D$18,IF(Evalucion!AP6=Datos!$C$19,Datos!$D$19,"="))))) -> 5 | AP8: =IF(Evalucion!AQ6=Datos!$C$15,Datos!$D$15,IF(Evalucion!AQ6=Datos!$C$16,Datos!$D$16,IF(Evalucion!AQ6=Datos!$C$17,Datos!$D$17,IF(Evalucion!AQ6=Datos!$C$18,Datos!$D$18,IF(Evalucion!AQ6=Datos!$C$19,Datos!$D$19,"="))))) -> 5 | AQ8: =IF(Evalucion!AR6=Datos!$C$15,Datos!$D$15,IF(Evalucion!AR6=Datos!$C$16,Datos!$D$16,IF(Evalucion!AR6=Datos!$C$17,Datos!$D$17,IF(Evalucion!AR6=Datos!$C$18,Datos!$D$18,IF(Evalucion!AR6=Datos!$C$19,Datos!$D$19,"="))))) -> 1 | AR8: =IF(Evalucion!AS6=Datos!$C$15,Datos!$D$15,IF(Evalucion!AS6=Datos!$C$16,Datos!$D$16,IF(Evalucion!AS6=Datos!$C$17,Datos!$D$17,IF(Evalucion!AS6=Datos!$C$18,Datos!$D$18,IF(Evalucion!AS6=Datos!$C$19,Datos!$D$19,"="))))) -> 5 | AS8: =IF(Evalucion!AT6=Datos!$C$15,Datos!$D$15,IF(Evalucion!AT6=Datos!$C$16,Datos!$D$16,IF(Evalucion!AT6=Datos!$C$17,Datos!$D$17,IF(Evalucion!AT6=Datos!$C$18,Datos!$D$18,IF(Evalucion!AT6=Datos!$C$19,Datos!$D$19,"="))))) -> 1 | AT8: =IF(Evalucion!AU6=Datos!$C$15,Datos!$D$15,IF(Evalucion!AU6=Datos!$C$16,Datos!$D$16,IF(Evalucion!AU6=Datos!$C$17,Datos!$D$17,IF(Evalucion!AU6=Datos!$C$18,Datos!$D$18,IF(Evalucion!AU6=Datos!$C$19,Datos!$D$19,"="))))) -> 5 | AV8: =IF(Evalucion!AW6=Datos!$C$15,Datos!$D$15,IF(Evalucion!AW6=Datos!$C$16,Datos!$D$16,IF(Evalucion!AW6=Datos!$C$17,Datos!$D$17,IF(Evalucion!AW6=Datos!$C$18,Datos!$D$18,IF(Evalucion!AW6=Datos!$C$19,Datos!$D$19,"="))))) -> 1 | AW8: =IF(Evalucion!AX6=Datos!$C$15,Datos!$D$15,IF(Evalucion!AX6=Datos!$C$16,Datos!$D$16,IF(Evalucion!AX6=Datos!$C$17,Datos!$D$17,IF(Evalucion!AX6=Datos!$C$18,Datos!$D$18,IF(Evalucion!AX6=Datos!$C$19,Datos!$D$19,"="))))) -> 5 | AX8: =IF(Evalucion!AY6=Datos!$C$15,Datos!$D$15,IF(Evalucion!AY6=Datos!$C$16,Datos!$D$16,IF(Evalucion!AY6=Datos!$C$17,Datos!$D$17,IF(Evalucion!AY6=Datos!$C$18,Datos!$D$18,IF(Evalucion!AY6=Datos!$C$19,Datos!$D$19,"="))))) -> 5 | AY8: =IF(Evalucion!AZ6=Datos!$C$15,Datos!$D$15,IF(Evalucion!AZ6=Datos!$C$16,Datos!$D$16,IF(Evalucion!AZ6=Datos!$C$17,Datos!$D$17,IF(Evalucion!AZ6=Datos!$C$18,Datos!$D$18,IF(Evalucion!AZ6=Datos!$C$19,Datos!$D$19,"="))))) -> 5 | AZ8: =IF(Evalucion!BA6=Datos!$C$15,Datos!$D$15,IF(Evalucion!BA6=Datos!$C$16,Datos!$D$16,IF(Evalucion!BA6=Datos!$C$17,Datos!$D$17,IF(Evalucion!BA6=Datos!$C$18,Datos!$D$18,IF(Evalucion!BA6=Datos!$C$19,Datos!$D$19,"="))))) -> 5 | BA8: =IF(Evalucion!BB6=Datos!$C$15,Datos!$D$15,IF(Evalucion!BB6=Datos!$C$16,Datos!$D$16,IF(Evalucion!BB6=Datos!$C$17,Datos!$D$17,IF(Evalucion!BB6=Datos!$C$18,Datos!$D$18,IF(Evalucion!BB6=Datos!$C$19,Datos!$D$19,"="))))) -> 5 | BB8: =IF(Evalucion!BC6=Datos!$C$15,Datos!$D$15,IF(Evalucion!BC6=Datos!$C$16,Datos!$D$16,IF(Evalucion!BC6=Datos!$C$17,Datos!$D$17,IF(Evalucion!BC6=Datos!$C$18,Datos!$D$18,IF(Evalucion!BC6=Datos!$C$19,Datos!$D$19,"="))))) -> 5 | BC8: =IF(Evalucion!BD6=Datos!$C$15,Datos!$D$15,IF(Evalucion!BD6=Datos!$C$16,Datos!$D$16,IF(Evalucion!BD6=Datos!$C$17,Datos!$D$17,IF(Evalucion!BD6=Datos!$C$18,Datos!$D$18,IF(Evalucion!BD6=Datos!$C$19,Datos!$D$19,"="))))) -> 5 | ... EY8: =IF(Evalucion!EZ6=Datos!$C$15,Datos!$D$15,IF(Evalucion!EZ6=Datos!$C$16,Datos!$D$16,IF(Evalucion!EZ6=Datos!$C$17,Datos!$D$17,IF(Evalucion!EZ6=Datos!$C$18,Datos!$D$18,IF(Evalucion!EZ6=Datos!$C$19,Datos!$D$19,"="))))) -> 3 | FA8: =SUMIF($E$2:$EY$2,FA$3,$E8:$EY8) -> 335 | FB8: =SUMIF($E$2:$EY$2,FB$3,$E8:$EY8) -> 321 | FC8: =FB8/($FB$2*5) -> 0.856 | FD8: =IF(FC8>0.899,$FI$4,IF(FC8>0.499,$FI$5,$FI$6)) -> Conf_CR | FF8: =SUM(E8:EY8) -> 656 | FG8: =FF8-FB8-FA8 -> 0
A9: 6 | B9: PRODUCTO 1 - DOMESTICA - FABRICANTE 2 | C9: FABRICANTE 2 | D9: 43188 | E9: =IF(Evalucion!F7=Datos!$C$15,Datos!$D$15,IF(Evalucion!F7=Datos!$C$16,Datos!$D$16,IF(Evalucion!F7=Datos!$C$17,Datos!$D$17,IF(Evalucion!F7=Datos!$C$18,Datos!$D$18,IF(Evalucion!F7=Datos!$C$19,Datos!$D$19,"="))))) -> 5 | F9: =IF(Evalucion!G7=Datos!$C$15,Datos!$D$15,IF(Evalucion!G7=Datos!$C$16,Datos!$D$16,IF(Evalucion!G7=Datos!$C$17,Datos!$D$17,IF(Evalucion!G7=Datos!$C$18,Datos!$D$18,IF(Evalucion!G7=Datos!$C$19,Datos!$D$19,"="))))) -> 5 | G9: =IF(Evalucion!H7=Datos!$C$15,Datos!$D$15,IF(Evalucion!H7=Datos!$C$16,Datos!$D$16,IF(Evalucion!H7=Datos!$C$17,Datos!$D$17,IF(Evalucion!H7=Datos!$C$18,Datos!$D$18,IF(Evalucion!H7=Datos!$C$19,Datos!$D$19,"="))))) -> 5 | H9: =IF(Evalucion!I7=Datos!$C$15,Datos!$D$15,IF(Evalucion!I7=Datos!$C$16,Datos!$D$16,IF(Evalucion!I7=Datos!$C$17,Datos!$D$17,IF(Evalucion!I7=Datos!$C$18,Datos!$D$18,IF(Evalucion!I7=Datos!$C$19,Datos!$D$19,"="))))) -> 5 | I9: =IF(Evalucion!J7=Datos!$C$15,Datos!$D$15,IF(Evalucion!J7=Datos!$C$16,Datos!$D$16,IF(Evalucion!J7=Datos!$C$17,Datos!$D$17,IF(Evalucion!J7=Datos!$C$18,Datos!$D$18,IF(Evalucion!J7=Datos!$C$19,Datos!$D$19,"="))))) -> 5 | J9: =IF(Evalucion!K7=Datos!$C$15,Datos!$D$15,IF(Evalucion!K7=Datos!$C$16,Datos!$D$16,IF(Evalucion!K7=Datos!$C$17,Datos!$D$17,IF(Evalucion!K7=Datos!$C$18,Datos!$D$18,IF(Evalucion!K7=Datos!$C$19,Datos!$D$19,"="))))) -> 5 | K9: =IF(Evalucion!L7=Datos!$C$15,Datos!$D$15,IF(Evalucion!L7=Datos!$C$16,Datos!$D$16,IF(Evalucion!L7=Datos!$C$17,Datos!$D$17,IF(Evalucion!L7=Datos!$C$18,Datos!$D$18,IF(Evalucion!L7=Datos!$C$19,Datos!$D$19,"="))))) -> 5 | L9: =IF(Evalucion!M7=Datos!$C$15,Datos!$D$15,IF(Evalucion!M7=Datos!$C$16,Datos!$D$16,IF(Evalucion!M7=Datos!$C$17,Datos!$D$17,IF(Evalucion!M7=Datos!$C$18,Datos!$D$18,IF(Evalucion!M7=Datos!$C$19,Datos!$D$19,"="))))) -> 5 | ... AF9: =IF(Evalucion!AG7=Datos!$C$15,Datos!$D$15,IF(Evalucion!AG7=Datos!$C$16,Datos!$D$16,IF(Evalucion!AG7=Datos!$C$17,Datos!$D$17,IF(Evalucion!AG7=Datos!$C$18,Datos!$D$18,IF(Evalucion!AG7=Datos!$C$19,Datos!$D$19,"="))))) -> 5 | AO9: =IF(Evalucion!AP7=Datos!$C$15,Datos!$D$15,IF(Evalucion!AP7=Datos!$C$16,Datos!$D$16,IF(Evalucion!AP7=Datos!$C$17,Datos!$D$17,IF(Evalucion!AP7=Datos!$C$18,Datos!$D$18,IF(Evalucion!AP7=Datos!$C$19,Datos!$D$19,"="))))) -> 5 | AP9: =IF(Evalucion!AQ7=Datos!$C$15,Datos!$D$15,IF(Evalucion!AQ7=Datos!$C$16,Datos!$D$16,IF(Evalucion!AQ7=Datos!$C$17,Datos!$D$17,IF(Evalucion!AQ7=Datos!$C$18,Datos!$D$18,IF(Evalucion!AQ7=Datos!$C$19,Datos!$D$19,"="))))) -> 3 | AQ9: =IF(Evalucion!AR7=Datos!$C$15,Datos!$D$15,IF(Evalucion!AR7=Datos!$C$16,Datos!$D$16,IF(Evalucion!AR7=Datos!$C$17,Datos!$D$17,IF(Evalucion!AR7=Datos!$C$18,Datos!$D$18,IF(Evalucion!AR7=Datos!$C$19,Datos!$D$19,"="))))) -> 1 | AR9: =IF(Evalucion!AS7=Datos!$C$15,Datos!$D$15,IF(Evalucion!AS7=Datos!$C$16,Datos!$D$16,IF(Evalucion!AS7=Datos!$C$17,Datos!$D$17,IF(Evalucion!AS7=Datos!$C$18,Datos!$D$18,IF(Evalucion!AS7=Datos!$C$19,Datos!$D$19,"="))))) -> 1 | AS9: =IF(Evalucion!AT7=Datos!$C$15,Datos!$D$15,IF(Evalucion!AT7=Datos!$C$16,Datos!$D$16,IF(Evalucion!AT7=Datos!$C$17,Datos!$D$17,IF(Evalucion!AT7=Datos!$C$18,Datos!$D$18,IF(Evalucion!AT7=Datos!$C$19,Datos!$D$19,"="))))) -> 1 | AT9: =IF(Evalucion!AU7=Datos!$C$15,Datos!$D$15,IF(Evalucion!AU7=Datos!$C$16,Datos!$D$16,IF(Evalucion!AU7=Datos!$C$17,Datos!$D$17,IF(Evalucion!AU7=Datos!$C$18,Datos!$D$18,IF(Evalucion!AU7=Datos!$C$19,Datos!$D$19,"="))))) -> 5 | AV9: =IF(Evalucion!AW7=Datos!$C$15,Datos!$D$15,IF(Evalucion!AW7=Datos!$C$16,Datos!$D$16,IF(Evalucion!AW7=Datos!$C$17,Datos!$D$17,IF(Evalucion!AW7=Datos!$C$18,Datos!$D$18,IF(Evalucion!AW7=Datos!$C$19,Datos!$D$19,"="))))) -> 1 | AW9: =IF(Evalucion!AX7=Datos!$C$15,Datos!$D$15,IF(Evalucion!AX7=Datos!$C$16,Datos!$D$16,IF(Evalucion!AX7=Datos!$C$17,Datos!$D$17,IF(Evalucion!AX7=Datos!$C$18,Datos!$D$18,IF(Evalucion!AX7=Datos!$C$19,Datos!$D$19,"="))))) -> 5 | AX9: =IF(Evalucion!AY7=Datos!$C$15,Datos!$D$15,IF(Evalucion!AY7=Datos!$C$16,Datos!$D$16,IF(Evalucion!AY7=Datos!$C$17,Datos!$D$17,IF(Evalucion!AY7=Datos!$C$18,Datos!$D$18,IF(Evalucion!AY7=Datos!$C$19,Datos!$D$19,"="))))) -> 5 | AY9: =IF(Evalucion!AZ7=Datos!$C$15,Datos!$D$15,IF(Evalucion!AZ7=Datos!$C$16,Datos!$D$16,IF(Evalucion!AZ7=Datos!$C$17,Datos!$D$17,IF(Evalucion!AZ7=Datos!$C$18,Datos!$D$18,IF(Evalucion!AZ7=Datos!$C$19,Datos!$D$19,"="))))) -> 5 | AZ9: =IF(Evalucion!BA7=Datos!$C$15,Datos!$D$15,IF(Evalucion!BA7=Datos!$C$16,Datos!$D$16,IF(Evalucion!BA7=Datos!$C$17,Datos!$D$17,IF(Evalucion!BA7=Datos!$C$18,Datos!$D$18,IF(Evalucion!BA7=Datos!$C$19,Datos!$D$19,"="))))) -> 5 | BA9: =IF(Evalucion!BB7=Datos!$C$15,Datos!$D$15,IF(Evalucion!BB7=Datos!$C$16,Datos!$D$16,IF(Evalucion!BB7=Datos!$C$17,Datos!$D$17,IF(Evalucion!BB7=Datos!$C$18,Datos!$D$18,IF(Evalucion!BB7=Datos!$C$19,Datos!$D$19,"="))))) -> 5 | BB9: =IF(Evalucion!BC7=Datos!$C$15,Datos!$D$15,IF(Evalucion!BC7=Datos!$C$16,Datos!$D$16,IF(Evalucion!BC7=Datos!$C$17,Datos!$D$17,IF(Evalucion!BC7=Datos!$C$18,Datos!$D$18,IF(Evalucion!BC7=Datos!$C$19,Datos!$D$19,"="))))) -> 1 | BC9: =IF(Evalucion!BD7=Datos!$C$15,Datos!$D$15,IF(Evalucion!BD7=Datos!$C$16,Datos!$D$16,IF(Evalucion!BD7=Datos!$C$17,Datos!$D$17,IF(Evalucion!BD7=Datos!$C$18,Datos!$D$18,IF(Evalucion!BD7=Datos!$C$19,Datos!$D$19,"="))))) -> 1 | ... EY9: =IF(Evalucion!EZ7=Datos!$C$15,Datos!$D$15,IF(Evalucion!EZ7=Datos!$C$16,Datos!$D$16,IF(Evalucion!EZ7=Datos!$C$17,Datos!$D$17,IF(Evalucion!EZ7=Datos!$C$18,Datos!$D$18,IF(Evalucion!EZ7=Datos!$C$19,Datos!$D$19,"="))))) -> 3 | FA9: =SUMIF($E$2:$EY$2,FA$3,$E9:$EY9) -> 259 | FB9: =SUMIF($E$2:$EY$2,FB$3,$E9:$EY9) -> 207 | FC9: =FB9/($FB$2*5) -> 0.552 | FD9: =IF(FC9>0.899,$FI$4,IF(FC9>0.499,$FI$5,$FI$6)) -> Conf_CR | FF9: =SUM(E9:EY9) -> 466 | FG9: =FF9-FB9-FA9 -> 0
A10: =1+A9 -> 7 | B10: PRODUCTO 2 - DOMESTICA - FABRICANTE 2 | C10: FABRICANTE 2 | D10: 43950 | E10: =IF(Evalucion!F8=Datos!$C$15,Datos!$D$15,IF(Evalucion!F8=Datos!$C$16,Datos!$D$16,IF(Evalucion!F8=Datos!$C$17,Datos!$D$17,IF(Evalucion!F8=Datos!$C$18,Datos!$D$18,IF(Evalucion!F8=Datos!$C$19,Datos!$D$19,"="))))) -> 5 | F10: =IF(Evalucion!G8=Datos!$C$15,Datos!$D$15,IF(Evalucion!G8=Datos!$C$16,Datos!$D$16,IF(Evalucion!G8=Datos!$C$17,Datos!$D$17,IF(Evalucion!G8=Datos!$C$18,Datos!$D$18,IF(Evalucion!G8=Datos!$C$19,Datos!$D$19,"="))))) -> 5 | G10: =IF(Evalucion!H8=Datos!$C$15,Datos!$D$15,IF(Evalucion!H8=Datos!$C$16,Datos!$D$16,IF(Evalucion!H8=Datos!$C$17,Datos!$D$17,IF(Evalucion!H8=Datos!$C$18,Datos!$D$18,IF(Evalucion!H8=Datos!$C$19,Datos!$D$19,"="))))) -> 5 | H10: =IF(Evalucion!I8=Datos!$C$15,Datos!$D$15,IF(Evalucion!I8=Datos!$C$16,Datos!$D$16,IF(Evalucion!I8=Datos!$C$17,Datos!$D$17,IF(Evalucion!I8=Datos!$C$18,Datos!$D$18,IF(Evalucion!I8=Datos!$C$19,Datos!$D$19,"="))))) -> 5 | I10: =IF(Evalucion!J8=Datos!$C$15,Datos!$D$15,IF(Evalucion!J8=Datos!$C$16,Datos!$D$16,IF(Evalucion!J8=Datos!$C$17,Datos!$D$17,IF(Evalucion!J8=Datos!$C$18,Datos!$D$18,IF(Evalucion!J8=Datos!$C$19,Datos!$D$19,"="))))) -> 5 | J10: =IF(Evalucion!K8=Datos!$C$15,Datos!$D$15,IF(Evalucion!K8=Datos!$C$16,Datos!$D$16,IF(Evalucion!K8=Datos!$C$17,Datos!$D$17,IF(Evalucion!K8=Datos!$C$18,Datos!$D$18,IF(Evalucion!K8=Datos!$C$19,Datos!$D$19,"="))))) -> 5 | K10: =IF(Evalucion!L8=Datos!$C$15,Datos!$D$15,IF(Evalucion!L8=Datos!$C$16,Datos!$D$16,IF(Evalucion!L8=Datos!$C$17,Datos!$D$17,IF(Evalucion!L8=Datos!$C$18,Datos!$D$18,IF(Evalucion!L8=Datos!$C$19,Datos!$D$19,"="))))) -> 5 | L10: =IF(Evalucion!M8=Datos!$C$15,Datos!$D$15,IF(Evalucion!M8=Datos!$C$16,Datos!$D$16,IF(Evalucion!M8=Datos!$C$17,Datos!$D$17,IF(Evalucion!M8=Datos!$C$18,Datos!$D$18,IF(Evalucion!M8=Datos!$C$19,Datos!$D$19,"="))))) -> 5 | ... AF10: =IF(Evalucion!AG8=Datos!$C$15,Datos!$D$15,IF(Evalucion!AG8=Datos!$C$16,Datos!$D$16,IF(Evalucion!AG8=Datos!$C$17,Datos!$D$17,IF(Evalucion!AG8=Datos!$C$18,Datos!$D$18,IF(Evalucion!AG8=Datos!$C$19,Datos!$D$19,"="))))) -> 5 | AO10: =IF(Evalucion!AP8=Datos!$C$15,Datos!$D$15,IF(Evalucion!AP8=Datos!$C$16,Datos!$D$16,IF(Evalucion!AP8=Datos!$C$17,Datos!$D$17,IF(Evalucion!AP8=Datos!$C$18,Datos!$D$18,IF(Evalucion!AP8=Datos!$C$19,Datos!$D$19,"="))))) -> 5 | AP10: =IF(Evalucion!AQ8=Datos!$C$15,Datos!$D$15,IF(Evalucion!AQ8=Datos!$C$16,Datos!$D$16,IF(Evalucion!AQ8=Datos!$C$17,Datos!$D$17,IF(Evalucion!AQ8=Datos!$C$18,Datos!$D$18,IF(Evalucion!AQ8=Datos!$C$19,Datos!$D$19,"="))))) -> 3 | AQ10: =IF(Evalucion!AR8=Datos!$C$15,Datos!$D$15,IF(Evalucion!AR8=Datos!$C$16,Datos!$D$16,IF(Evalucion!AR8=Datos!$C$17,Datos!$D$17,IF(Evalucion!AR8=Datos!$C$18,Datos!$D$18,IF(Evalucion!AR8=Datos!$C$19,Datos!$D$19,"="))))) -> 1 | AR10: =IF(Evalucion!AS8=Datos!$C$15,Datos!$D$15,IF(Evalucion!AS8=Datos!$C$16,Datos!$D$16,IF(Evalucion!AS8=Datos!$C$17,Datos!$D$17,IF(Evalucion!AS8=Datos!$C$18,Datos!$D$18,IF(Evalucion!AS8=Datos!$C$19,Datos!$D$19,"="))))) -> 1 | AS10: =IF(Evalucion!AT8=Datos!$C$15,Datos!$D$15,IF(Evalucion!AT8=Datos!$C$16,Datos!$D$16,IF(Evalucion!AT8=Datos!$C$17,Datos!$D$17,IF(Evalucion!AT8=Datos!$C$18,Datos!$D$18,IF(Evalucion!AT8=Datos!$C$19,Datos!$D$19,"="))))) -> 5 | AT10: =IF(Evalucion!AU8=Datos!$C$15,Datos!$D$15,IF(Evalucion!AU8=Datos!$C$16,Datos!$D$16,IF(Evalucion!AU8=Datos!$C$17,Datos!$D$17,IF(Evalucion!AU8=Datos!$C$18,Datos!$D$18,IF(Evalucion!AU8=Datos!$C$19,Datos!$D$19,"="))))) -> 5 | AV10: =IF(Evalucion!AW8=Datos!$C$15,Datos!$D$15,IF(Evalucion!AW8=Datos!$C$16,Datos!$D$16,IF(Evalucion!AW8=Datos!$C$17,Datos!$D$17,IF(Evalucion!AW8=Datos!$C$18,Datos!$D$18,IF(Evalucion!AW8=Datos!$C$19,Datos!$D$19,"="))))) -> 5 | AW10: =IF(Evalucion!AX8=Datos!$C$15,Datos!$D$15,IF(Evalucion!AX8=Datos!$C$16,Datos!$D$16,IF(Evalucion!AX8=Datos!$C$17,Datos!$D$17,IF(Evalucion!AX8=Datos!$C$18,Datos!$D$18,IF(Evalucion!AX8=Datos!$C$19,Datos!$D$19,"="))))) -> 5 | AX10: =IF(Evalucion!AY8=Datos!$C$15,Datos!$D$15,IF(Evalucion!AY8=Datos!$C$16,Datos!$D$16,IF(Evalucion!AY8=Datos!$C$17,Datos!$D$17,IF(Evalucion!AY8=Datos!$C$18,Datos!$D$18,IF(Evalucion!AY8=Datos!$C$19,Datos!$D$19,"="))))) -> 5 | AY10: =IF(Evalucion!AZ8=Datos!$C$15,Datos!$D$15,IF(Evalucion!AZ8=Datos!$C$16,Datos!$D$16,IF(Evalucion!AZ8=Datos!$C$17,Datos!$D$17,IF(Evalucion!AZ8=Datos!$C$18,Datos!$D$18,IF(Evalucion!AZ8=Datos!$C$19,Datos!$D$19,"="))))) -> 5 | AZ10: =IF(Evalucion!BA8=Datos!$C$15,Datos!$D$15,IF(Evalucion!BA8=Datos!$C$16,Datos!$D$16,IF(Evalucion!BA8=Datos!$C$17,Datos!$D$17,IF(Evalucion!BA8=Datos!$C$18,Datos!$D$18,IF(Evalucion!BA8=Datos!$C$19,Datos!$D$19,"="))))) -> 5 | BA10: =IF(Evalucion!BB8=Datos!$C$15,Datos!$D$15,IF(Evalucion!BB8=Datos!$C$16,Datos!$D$16,IF(Evalucion!BB8=Datos!$C$17,Datos!$D$17,IF(Evalucion!BB8=Datos!$C$18,Datos!$D$18,IF(Evalucion!BB8=Datos!$C$19,Datos!$D$19,"="))))) -> 5 | BB10: =IF(Evalucion!BC8=Datos!$C$15,Datos!$D$15,IF(Evalucion!BC8=Datos!$C$16,Datos!$D$16,IF(Evalucion!BC8=Datos!$C$17,Datos!$D$17,IF(Evalucion!BC8=Datos!$C$18,Datos!$D$18,IF(Evalucion!BC8=Datos!$C$19,Datos!$D$19,"="))))) -> 1 | BC10: =IF(Evalucion!BD8=Datos!$C$15,Datos!$D$15,IF(Evalucion!BD8=Datos!$C$16,Datos!$D$16,IF(Evalucion!BD8=Datos!$C$17,Datos!$D$17,IF(Evalucion!BD8=Datos!$C$18,Datos!$D$18,IF(Evalucion!BD8=Datos!$C$19,Datos!$D$19,"="))))) -> 1 | ... EY10: =IF(Evalucion!EZ8=Datos!$C$15,Datos!$D$15,IF(Evalucion!EZ8=Datos!$C$16,Datos!$D$16,IF(Evalucion!EZ8=Datos!$C$17,Datos!$D$17,IF(Evalucion!EZ8=Datos!$C$18,Datos!$D$18,IF(Evalucion!EZ8=Datos!$C$19,Datos!$D$19,"="))))) -> 3 | FA10: =SUMIF($E$2:$EY$2,FA$3,$E10:$EY10) -> 251 | FB10: =SUMIF($E$2:$EY$2,FB$3,$E10:$EY10) -> 195 | FC10: =FB10/($FB$2*5) -> 0.52 | FD10: =IF(FC10>0.899,$FI$4,IF(FC10>0.499,$FI$5,$FI$6)) -> Conf_CR | FF10: =SUM(E10:EY10) -> 446 | FG10: =FF10-FB10-FA10 -> 0
A11: =1+A10 -> 8 | B11: PRODUCTO 3 - DOMESTICA - FABRICANTE 2 | C11: FABRICANTE 2 | D11: 43950 | E11: =IF(Evalucion!F9=Datos!$C$15,Datos!$D$15,IF(Evalucion!F9=Datos!$C$16,Datos!$D$16,IF(Evalucion!F9=Datos!$C$17,Datos!$D$17,IF(Evalucion!F9=Datos!$C$18,Datos!$D$18,IF(Evalucion!F9=Datos!$C$19,Datos!$D$19,"="))))) -> 5 | F11: =IF(Evalucion!G9=Datos!$C$15,Datos!$D$15,IF(Evalucion!G9=Datos!$C$16,Datos!$D$16,IF(Evalucion!G9=Datos!$C$17,Datos!$D$17,IF(Evalucion!G9=Datos!$C$18,Datos!$D$18,IF(Evalucion!G9=Datos!$C$19,Datos!$D$19,"="))))) -> 5 | G11: =IF(Evalucion!H9=Datos!$C$15,Datos!$D$15,IF(Evalucion!H9=Datos!$C$16,Datos!$D$16,IF(Evalucion!H9=Datos!$C$17,Datos!$D$17,IF(Evalucion!H9=Datos!$C$18,Datos!$D$18,IF(Evalucion!H9=Datos!$C$19,Datos!$D$19,"="))))) -> 5 | H11: =IF(Evalucion!I9=Datos!$C$15,Datos!$D$15,IF(Evalucion!I9=Datos!$C$16,Datos!$D$16,IF(Evalucion!I9=Datos!$C$17,Datos!$D$17,IF(Evalucion!I9=Datos!$C$18,Datos!$D$18,IF(Evalucion!I9=Datos!$C$19,Datos!$D$19,"="))))) -> 5 | I11: =IF(Evalucion!J9=Datos!$C$15,Datos!$D$15,IF(Evalucion!J9=Datos!$C$16,Datos!$D$16,IF(Evalucion!J9=Datos!$C$17,Datos!$D$17,IF(Evalucion!J9=Datos!$C$18,Datos!$D$18,IF(Evalucion!J9=Datos!$C$19,Datos!$D$19,"="))))) -> 5 | J11: =IF(Evalucion!K9=Datos!$C$15,Datos!$D$15,IF(Evalucion!K9=Datos!$C$16,Datos!$D$16,IF(Evalucion!K9=Datos!$C$17,Datos!$D$17,IF(Evalucion!K9=Datos!$C$18,Datos!$D$18,IF(Evalucion!K9=Datos!$C$19,Datos!$D$19,"="))))) -> 5 | K11: =IF(Evalucion!L9=Datos!$C$15,Datos!$D$15,IF(Evalucion!L9=Datos!$C$16,Datos!$D$16,IF(Evalucion!L9=Datos!$C$17,Datos!$D$17,IF(Evalucion!L9=Datos!$C$18,Datos!$D$18,IF(Evalucion!L9=Datos!$C$19,Datos!$D$19,"="))))) -> 5 | L11: =IF(Evalucion!M9=Datos!$C$15,Datos!$D$15,IF(Evalucion!M9=Datos!$C$16,Datos!$D$16,IF(Evalucion!M9=Datos!$C$17,Datos!$D$17,IF(Evalucion!M9=Datos!$C$18,Datos!$D$18,IF(Evalucion!M9=Datos!$C$19,Datos!$D$19,"="))))) -> 5 | ... AF11: =IF(Evalucion!AG9=Datos!$C$15,Datos!$D$15,IF(Evalucion!AG9=Datos!$C$16,Datos!$D$16,IF(Evalucion!AG9=Datos!$C$17,Datos!$D$17,IF(Evalucion!AG9=Datos!$C$18,Datos!$D$18,IF(Evalucion!AG9=Datos!$C$19,Datos!$D$19,"="))))) -> 5 | AO11: =IF(Evalucion!AP9=Datos!$C$15,Datos!$D$15,IF(Evalucion!AP9=Datos!$C$16,Datos!$D$16,IF(Evalucion!AP9=Datos!$C$17,Datos!$D$17,IF(Evalucion!AP9=Datos!$C$18,Datos!$D$18,IF(Evalucion!AP9=Datos!$C$19,Datos!$D$19,"="))))) -> 5 | AP11: =IF(Evalucion!AQ9=Datos!$C$15,Datos!$D$15,IF(Evalucion!AQ9=Datos!$C$16,Datos!$D$16,IF(Evalucion!AQ9=Datos!$C$17,Datos!$D$17,IF(Evalucion!AQ9=Datos!$C$18,Datos!$D$18,IF(Evalucion!AQ9=Datos!$C$19,Datos!$D$19,"="))))) -> 3 | AQ11: =IF(Evalucion!AR9=Datos!$C$15,Datos!$D$15,IF(Evalucion!AR9=Datos!$C$16,Datos!$D$16,IF(Evalucion!AR9=Datos!$C$17,Datos!$D$17,IF(Evalucion!AR9=Datos!$C$18,Datos!$D$18,IF(Evalucion!AR9=Datos!$C$19,Datos!$D$19,"="))))) -> 1 | AR11: =IF(Evalucion!AS9=Datos!$C$15,Datos!$D$15,IF(Evalucion!AS9=Datos!$C$16,Datos!$D$16,IF(Evalucion!AS9=Datos!$C$17,Datos!$D$17,IF(Evalucion!AS9=Datos!$C$18,Datos!$D$18,IF(Evalucion!AS9=Datos!$C$19,Datos!$D$19,"="))))) -> 1 | AS11: =IF(Evalucion!AT9=Datos!$C$15,Datos!$D$15,IF(Evalucion!AT9=Datos!$C$16,Datos!$D$16,IF(Evalucion!AT9=Datos!$C$17,Datos!$D$17,IF(Evalucion!AT9=Datos!$C$18,Datos!$D$18,IF(Evalucion!AT9=Datos!$C$19,Datos!$D$19,"="))))) -> 1 | AT11: =IF(Evalucion!AU9=Datos!$C$15,Datos!$D$15,IF(Evalucion!AU9=Datos!$C$16,Datos!$D$16,IF(Evalucion!AU9=Datos!$C$17,Datos!$D$17,IF(Evalucion!AU9=Datos!$C$18,Datos!$D$18,IF(Evalucion!AU9=Datos!$C$19,Datos!$D$19,"="))))) -> 3 | AV11: =IF(Evalucion!AW9=Datos!$C$15,Datos!$D$15,IF(Evalucion!AW9=Datos!$C$16,Datos!$D$16,IF(Evalucion!AW9=Datos!$C$17,Datos!$D$17,IF(Evalucion!AW9=Datos!$C$18,Datos!$D$18,IF(Evalucion!AW9=Datos!$C$19,Datos!$D$19,"="))))) -> 1 | AW11: =IF(Evalucion!AX9=Datos!$C$15,Datos!$D$15,IF(Evalucion!AX9=Datos!$C$16,Datos!$D$16,IF(Evalucion!AX9=Datos!$C$17,Datos!$D$17,IF(Evalucion!AX9=Datos!$C$18,Datos!$D$18,IF(Evalucion!AX9=Datos!$C$19,Datos!$D$19,"="))))) -> 3 | AX11: =IF(Evalucion!AY9=Datos!$C$15,Datos!$D$15,IF(Evalucion!AY9=Datos!$C$16,Datos!$D$16,IF(Evalucion!AY9=Datos!$C$17,Datos!$D$17,IF(Evalucion!AY9=Datos!$C$18,Datos!$D$18,IF(Evalucion!AY9=Datos!$C$19,Datos!$D$19,"="))))) -> 5 | AY11: =IF(Evalucion!AZ9=Datos!$C$15,Datos!$D$15,IF(Evalucion!AZ9=Datos!$C$16,Datos!$D$16,IF(Evalucion!AZ9=Datos!$C$17,Datos!$D$17,IF(Evalucion!AZ9=Datos!$C$18,Datos!$D$18,IF(Evalucion!AZ9=Datos!$C$19,Datos!$D$19,"="))))) -> 5 | AZ11: =IF(Evalucion!BA9=Datos!$C$15,Datos!$D$15,IF(Evalucion!BA9=Datos!$C$16,Datos!$D$16,IF(Evalucion!BA9=Datos!$C$17,Datos!$D$17,IF(Evalucion!BA9=Datos!$C$18,Datos!$D$18,IF(Evalucion!BA9=Datos!$C$19,Datos!$D$19,"="))))) -> 5 | BA11: =IF(Evalucion!BB9=Datos!$C$15,Datos!$D$15,IF(Evalucion!BB9=Datos!$C$16,Datos!$D$16,IF(Evalucion!BB9=Datos!$C$17,Datos!$D$17,IF(Evalucion!BB9=Datos!$C$18,Datos!$D$18,IF(Evalucion!BB9=Datos!$C$19,Datos!$D$19,"="))))) -> 5 | BB11: =IF(Evalucion!BC9=Datos!$C$15,Datos!$D$15,IF(Evalucion!BC9=Datos!$C$16,Datos!$D$16,IF(Evalucion!BC9=Datos!$C$17,Datos!$D$17,IF(Evalucion!BC9=Datos!$C$18,Datos!$D$18,IF(Evalucion!BC9=Datos!$C$19,Datos!$D$19,"="))))) -> 1 | BC11: =IF(Evalucion!BD9=Datos!$C$15,Datos!$D$15,IF(Evalucion!BD9=Datos!$C$16,Datos!$D$16,IF(Evalucion!BD9=Datos!$C$17,Datos!$D$17,IF(Evalucion!BD9=Datos!$C$18,Datos!$D$18,IF(Evalucion!BD9=Datos!$C$19,Datos!$D$19,"="))))) -> 1 | ... EY11: =IF(Evalucion!EZ9=Datos!$C$15,Datos!$D$15,IF(Evalucion!EZ9=Datos!$C$16,Datos!$D$16,IF(Evalucion!EZ9=Datos!$C$17,Datos!$D$17,IF(Evalucion!EZ9=Datos!$C$18,Datos!$D$18,IF(Evalucion!EZ9=Datos!$C$19,Datos!$D$19,"="))))) -> 3 | FA11: =SUMIF($E$2:$EY$2,FA$3,$E11:$EY11) -> 259 | FB11: =SUMIF($E$2:$EY$2,FB$3,$E11:$EY11) -> 185 | FC11: =FB11/($FB$2*5) -> 0.49333333 | FD11: =IF(FC11>0.899,$FI$4,IF(FC11>0.499,$FI$5,$FI$6)) -> NO_Conf | FF11: =SUM(E11:EY11) -> 444 | FG11: =FF11-FB11-FA11 -> 0
A12: =1+A11 -> 9 | B12: PRODUCTO 4 - DOMESTICA - FABRICANTE 2 | C12: FABRICANTE 2 | D12: 43950 | E12: =IF(Evalucion!F10=Datos!$C$15,Datos!$D$15,IF(Evalucion!F10=Datos!$C$16,Datos!$D$16,IF(Evalucion!F10=Datos!$C$17,Datos!$D$17,IF(Evalucion!F10=Datos!$C$18,Datos!$D$18,IF(Evalucion!F10=Datos!$C$19,Datos!$D$19,"="))))) -> 5 | F12: =IF(Evalucion!G10=Datos!$C$15,Datos!$D$15,IF(Evalucion!G10=Datos!$C$16,Datos!$D$16,IF(Evalucion!G10=Datos!$C$17,Datos!$D$17,IF(Evalucion!G10=Datos!$C$18,Datos!$D$18,IF(Evalucion!G10=Datos!$C$19,Datos!$D$19,"="))))) -> 5 | G12: =IF(Evalucion!H10=Datos!$C$15,Datos!$D$15,IF(Evalucion!H10=Datos!$C$16,Datos!$D$16,IF(Evalucion!H10=Datos!$C$17,Datos!$D$17,IF(Evalucion!H10=Datos!$C$18,Datos!$D$18,IF(Evalucion!H10=Datos!$C$19,Datos!$D$19,"="))))) -> 5 | H12: =IF(Evalucion!I10=Datos!$C$15,Datos!$D$15,IF(Evalucion!I10=Datos!$C$16,Datos!$D$16,IF(Evalucion!I10=Datos!$C$17,Datos!$D$17,IF(Evalucion!I10=Datos!$C$18,Datos!$D$18,IF(Evalucion!I10=Datos!$C$19,Datos!$D$19,"="))))) -> 5 | I12: =IF(Evalucion!J10=Datos!$C$15,Datos!$D$15,IF(Evalucion!J10=Datos!$C$16,Datos!$D$16,IF(Evalucion!J10=Datos!$C$17,Datos!$D$17,IF(Evalucion!J10=Datos!$C$18,Datos!$D$18,IF(Evalucion!J10=Datos!$C$19,Datos!$D$19,"="))))) -> 5 | J12: =IF(Evalucion!K10=Datos!$C$15,Datos!$D$15,IF(Evalucion!K10=Datos!$C$16,Datos!$D$16,IF(Evalucion!K10=Datos!$C$17,Datos!$D$17,IF(Evalucion!K10=Datos!$C$18,Datos!$D$18,IF(Evalucion!K10=Datos!$C$19,Datos!$D$19,"="))))) -> 5 | K12: =IF(Evalucion!L10=Datos!$C$15,Datos!$D$15,IF(Evalucion!L10=Datos!$C$16,Datos!$D$16,IF(Evalucion!L10=Datos!$C$17,Datos!$D$17,IF(Evalucion!L10=Datos!$C$18,Datos!$D$18,IF(Evalucion!L10=Datos!$C$19,Datos!$D$19,"="))))) -> 5 | L12: =IF(Evalucion!M10=Datos!$C$15,Datos!$D$15,IF(Evalucion!M10=Datos!$C$16,Datos!$D$16,IF(Evalucion!M10=Datos!$C$17,Datos!$D$17,IF(Evalucion!M10=Datos!$C$18,Datos!$D$18,IF(Evalucion!M10=Datos!$C$19,Datos!$D$19,"="))))) -> 5 | ... AF12: =IF(Evalucion!AG10=Datos!$C$15,Datos!$D$15,IF(Evalucion!AG10=Datos!$C$16,Datos!$D$16,IF(Evalucion!AG10=Datos!$C$17,Datos!$D$17,IF(Evalucion!AG10=Datos!$C$18,Datos!$D$18,IF(Evalucion!AG10=Datos!$C$19,Datos!$D$19,"="))))) -> 5 | AO12: =IF(Evalucion!AP10=Datos!$C$15,Datos!$D$15,IF(Evalucion!AP10=Datos!$C$16,Datos!$D$16,IF(Evalucion!AP10=Datos!$C$17,Datos!$D$17,IF(Evalucion!AP10=Datos!$C$18,Datos!$D$18,IF(Evalucion!AP10=Datos!$C$19,Datos!$D$19,"="))))) -> 5 | AP12: =IF(Evalucion!AQ10=Datos!$C$15,Datos!$D$15,IF(Evalucion!AQ10=Datos!$C$16,Datos!$D$16,IF(Evalucion!AQ10=Datos!$C$17,Datos!$D$17,IF(Evalucion!AQ10=Datos!$C$18,Datos!$D$18,IF(Evalucion!AQ10=Datos!$C$19,Datos!$D$19,"="))))) -> 5 | AQ12: =IF(Evalucion!AR10=Datos!$C$15,Datos!$D$15,IF(Evalucion!AR10=Datos!$C$16,Datos!$D$16,IF(Evalucion!AR10=Datos!$C$17,Datos!$D$17,IF(Evalucion!AR10=Datos!$C$18,Datos!$D$18,IF(Evalucion!AR10=Datos!$C$19,Datos!$D$19,"="))))) -> 5 | AR12: =IF(Evalucion!AS10=Datos!$C$15,Datos!$D$15,IF(Evalucion!AS10=Datos!$C$16,Datos!$D$16,IF(Evalucion!AS10=Datos!$C$17,Datos!$D$17,IF(Evalucion!AS10=Datos!$C$18,Datos!$D$18,IF(Evalucion!AS10=Datos!$C$19,Datos!$D$19,"="))))) -> 3 | AS12: =IF(Evalucion!AT10=Datos!$C$15,Datos!$D$15,IF(Evalucion!AT10=Datos!$C$16,Datos!$D$16,IF(Evalucion!AT10=Datos!$C$17,Datos!$D$17,IF(Evalucion!AT10=Datos!$C$18,Datos!$D$18,IF(Evalucion!AT10=Datos!$C$19,Datos!$D$19,"="))))) -> 5 | AT12: =IF(Evalucion!AU10=Datos!$C$15,Datos!$D$15,IF(Evalucion!AU10=Datos!$C$16,Datos!$D$16,IF(Evalucion!AU10=Datos!$C$17,Datos!$D$17,IF(Evalucion!AU10=Datos!$C$18,Datos!$D$18,IF(Evalucion!AU10=Datos!$C$19,Datos!$D$19,"="))))) -> 3 | AV12: =IF(Evalucion!AW10=Datos!$C$15,Datos!$D$15,IF(Evalucion!AW10=Datos!$C$16,Datos!$D$16,IF(Evalucion!AW10=Datos!$C$17,Datos!$D$17,IF(Evalucion!AW10=Datos!$C$18,Datos!$D$18,IF(Evalucion!AW10=Datos!$C$19,Datos!$D$19,"="))))) -> 5 | AW12: =IF(Evalucion!AX10=Datos!$C$15,Datos!$D$15,IF(Evalucion!AX10=Datos!$C$16,Datos!$D$16,IF(Evalucion!AX10=Datos!$C$17,Datos!$D$17,IF(Evalucion!AX10=Datos!$C$18,Datos!$D$18,IF(Evalucion!AX10=Datos!$C$19,Datos!$D$19,"="))))) -> 3 | AX12: =IF(Evalucion!AY10=Datos!$C$15,Datos!$D$15,IF(Evalucion!AY10=Datos!$C$16,Datos!$D$16,IF(Evalucion!AY10=Datos!$C$17,Datos!$D$17,IF(Evalucion!AY10=Datos!$C$18,Datos!$D$18,IF(Evalucion!AY10=Datos!$C$19,Datos!$D$19,"="))))) -> 5 | AY12: =IF(Evalucion!AZ10=Datos!$C$15,Datos!$D$15,IF(Evalucion!AZ10=Datos!$C$16,Datos!$D$16,IF(Evalucion!AZ10=Datos!$C$17,Datos!$D$17,IF(Evalucion!AZ10=Datos!$C$18,Datos!$D$18,IF(Evalucion!AZ10=Datos!$C$19,Datos!$D$19,"="))))) -> 5 | AZ12: =IF(Evalucion!BA10=Datos!$C$15,Datos!$D$15,IF(Evalucion!BA10=Datos!$C$16,Datos!$D$16,IF(Evalucion!BA10=Datos!$C$17,Datos!$D$17,IF(Evalucion!BA10=Datos!$C$18,Datos!$D$18,IF(Evalucion!BA10=Datos!$C$19,Datos!$D$19,"="))))) -> 5 | BA12: =IF(Evalucion!BB10=Datos!$C$15,Datos!$D$15,IF(Evalucion!BB10=Datos!$C$16,Datos!$D$16,IF(Evalucion!BB10=Datos!$C$17,Datos!$D$17,IF(Evalucion!BB10=Datos!$C$18,Datos!$D$18,IF(Evalucion!BB10=Datos!$C$19,Datos!$D$19,"="))))) -> 5 | BB12: =IF(Evalucion!BC10=Datos!$C$15,Datos!$D$15,IF(Evalucion!BC10=Datos!$C$16,Datos!$D$16,IF(Evalucion!BC10=Datos!$C$17,Datos!$D$17,IF(Evalucion!BC10=Datos!$C$18,Datos!$D$18,IF(Evalucion!BC10=Datos!$C$19,Datos!$D$19,"="))))) -> 1 | BC12: =IF(Evalucion!BD10=Datos!$C$15,Datos!$D$15,IF(Evalucion!BD10=Datos!$C$16,Datos!$D$16,IF(Evalucion!BD10=Datos!$C$17,Datos!$D$17,IF(Evalucion!BD10=Datos!$C$18,Datos!$D$18,IF(Evalucion!BD10=Datos!$C$19,Datos!$D$19,"="))))) -> 1 | ... EY12: =IF(Evalucion!EZ10=Datos!$C$15,Datos!$D$15,IF(Evalucion!EZ10=Datos!$C$16,Datos!$D$16,IF(Evalucion!EZ10=Datos!$C$17,Datos!$D$17,IF(Evalucion!EZ10=Datos!$C$18,Datos!$D$18,IF(Evalucion!EZ10=Datos!$C$19,Datos!$D$19,"="))))) -> 3 | FA12: =SUMIF($E$2:$EY$2,FA$3,$E12:$EY12) -> 275 | FB12: =SUMIF($E$2:$EY$2,FB$3,$E12:$EY12) -> 209 | FC12: =FB12/($FB$2*5) -> 0.55733333 | FD12: =IF(FC12>0.899,$FI$4,IF(FC12>0.499,$FI$5,$FI$6)) -> Conf_CR | FF12: =SUM(E12:EY12) -> 484 | FG12: =FF12-FB12-FA12 -> 0
A13: =1+A12 -> 10 | B13: PRODUCTO 5 - DOMESTICA - FABRICANTE 2 | C13: FABRICANTE 2 | D13: 43843 | E13: =IF(Evalucion!F11=Datos!$C$15,Datos!$D$15,IF(Evalucion!F11=Datos!$C$16,Datos!$D$16,IF(Evalucion!F11=Datos!$C$17,Datos!$D$17,IF(Evalucion!F11=Datos!$C$18,Datos!$D$18,IF(Evalucion!F11=Datos!$C$19,Datos!$D$19,"="))))) -> 5 | F13: =IF(Evalucion!G11=Datos!$C$15,Datos!$D$15,IF(Evalucion!G11=Datos!$C$16,Datos!$D$16,IF(Evalucion!G11=Datos!$C$17,Datos!$D$17,IF(Evalucion!G11=Datos!$C$18,Datos!$D$18,IF(Evalucion!G11=Datos!$C$19,Datos!$D$19,"="))))) -> 5 | G13: =IF(Evalucion!H11=Datos!$C$15,Datos!$D$15,IF(Evalucion!H11=Datos!$C$16,Datos!$D$16,IF(Evalucion!H11=Datos!$C$17,Datos!$D$17,IF(Evalucion!H11=Datos!$C$18,Datos!$D$18,IF(Evalucion!H11=Datos!$C$19,Datos!$D$19,"="))))) -> 5 | H13: =IF(Evalucion!I11=Datos!$C$15,Datos!$D$15,IF(Evalucion!I11=Datos!$C$16,Datos!$D$16,IF(Evalucion!I11=Datos!$C$17,Datos!$D$17,IF(Evalucion!I11=Datos!$C$18,Datos!$D$18,IF(Evalucion!I11=Datos!$C$19,Datos!$D$19,"="))))) -> 5 | I13: =IF(Evalucion!J11=Datos!$C$15,Datos!$D$15,IF(Evalucion!J11=Datos!$C$16,Datos!$D$16,IF(Evalucion!J11=Datos!$C$17,Datos!$D$17,IF(Evalucion!J11=Datos!$C$18,Datos!$D$18,IF(Evalucion!J11=Datos!$C$19,Datos!$D$19,"="))))) -> 5 | J13: =IF(Evalucion!K11=Datos!$C$15,Datos!$D$15,IF(Evalucion!K11=Datos!$C$16,Datos!$D$16,IF(Evalucion!K11=Datos!$C$17,Datos!$D$17,IF(Evalucion!K11=Datos!$C$18,Datos!$D$18,IF(Evalucion!K11=Datos!$C$19,Datos!$D$19,"="))))) -> 5 | K13: =IF(Evalucion!L11=Datos!$C$15,Datos!$D$15,IF(Evalucion!L11=Datos!$C$16,Datos!$D$16,IF(Evalucion!L11=Datos!$C$17,Datos!$D$17,IF(Evalucion!L11=Datos!$C$18,Datos!$D$18,IF(Evalucion!L11=Datos!$C$19,Datos!$D$19,"="))))) -> 5 | L13: =IF(Evalucion!M11=Datos!$C$15,Datos!$D$15,IF(Evalucion!M11=Datos!$C$16,Datos!$D$16,IF(Evalucion!M11=Datos!$C$17,Datos!$D$17,IF(Evalucion!M11=Datos!$C$18,Datos!$D$18,IF(Evalucion!M11=Datos!$C$19,Datos!$D$19,"="))))) -> 5 | ... AF13: =IF(Evalucion!AG11=Datos!$C$15,Datos!$D$15,IF(Evalucion!AG11=Datos!$C$16,Datos!$D$16,IF(Evalucion!AG11=Datos!$C$17,Datos!$D$17,IF(Evalucion!AG11=Datos!$C$18,Datos!$D$18,IF(Evalucion!AG11=Datos!$C$19,Datos!$D$19,"="))))) -> 5 | AO13: =IF(Evalucion!AP11=Datos!$C$15,Datos!$D$15,IF(Evalucion!AP11=Datos!$C$16,Datos!$D$16,IF(Evalucion!AP11=Datos!$C$17,Datos!$D$17,IF(Evalucion!AP11=Datos!$C$18,Datos!$D$18,IF(Evalucion!AP11=Datos!$C$19,Datos!$D$19,"="))))) -> 5 | AP13: =IF(Evalucion!AQ11=Datos!$C$15,Datos!$D$15,IF(Evalucion!AQ11=Datos!$C$16,Datos!$D$16,IF(Evalucion!AQ11=Datos!$C$17,Datos!$D$17,IF(Evalucion!AQ11=Datos!$C$18,Datos!$D$18,IF(Evalucion!AQ11=Datos!$C$19,Datos!$D$19,"="))))) -> 5 | AQ13: =IF(Evalucion!AR11=Datos!$C$15,Datos!$D$15,IF(Evalucion!AR11=Datos!$C$16,Datos!$D$16,IF(Evalucion!AR11=Datos!$C$17,Datos!$D$17,IF(Evalucion!AR11=Datos!$C$18,Datos!$D$18,IF(Evalucion!AR11=Datos!$C$19,Datos!$D$19,"="))))) -> 5 | AR13: =IF(Evalucion!AS11=Datos!$C$15,Datos!$D$15,IF(Evalucion!AS11=Datos!$C$16,Datos!$D$16,IF(Evalucion!AS11=Datos!$C$17,Datos!$D$17,IF(Evalucion!AS11=Datos!$C$18,Datos!$D$18,IF(Evalucion!AS11=Datos!$C$19,Datos!$D$19,"="))))) -> 3 | AS13: =IF(Evalucion!AT11=Datos!$C$15,Datos!$D$15,IF(Evalucion!AT11=Datos!$C$16,Datos!$D$16,IF(Evalucion!AT11=Datos!$C$17,Datos!$D$17,IF(Evalucion!AT11=Datos!$C$18,Datos!$D$18,IF(Evalucion!AT11=Datos!$C$19,Datos!$D$19,"="))))) -> 5 | AT13: =IF(Evalucion!AU11=Datos!$C$15,Datos!$D$15,IF(Evalucion!AU11=Datos!$C$16,Datos!$D$16,IF(Evalucion!AU11=Datos!$C$17,Datos!$D$17,IF(Evalucion!AU11=Datos!$C$18,Datos!$D$18,IF(Evalucion!AU11=Datos!$C$19,Datos!$D$19,"="))))) -> 3 | AV13: =IF(Evalucion!AW11=Datos!$C$15,Datos!$D$15,IF(Evalucion!AW11=Datos!$C$16,Datos!$D$16,IF(Evalucion!AW11=Datos!$C$17,Datos!$D$17,IF(Evalucion!AW11=Datos!$C$18,Datos!$D$18,IF(Evalucion!AW11=Datos!$C$19,Datos!$D$19,"="))))) -> 5 | AW13: =IF(Evalucion!AX11=Datos!$C$15,Datos!$D$15,IF(Evalucion!AX11=Datos!$C$16,Datos!$D$16,IF(Evalucion!AX11=Datos!$C$17,Datos!$D$17,IF(Evalucion!AX11=Datos!$C$18,Datos!$D$18,IF(Evalucion!AX11=Datos!$C$19,Datos!$D$19,"="))))) -> 3 | AX13: =IF(Evalucion!AY11=Datos!$C$15,Datos!$D$15,IF(Evalucion!AY11=Datos!$C$16,Datos!$D$16,IF(Evalucion!AY11=Datos!$C$17,Datos!$D$17,IF(Evalucion!AY11=Datos!$C$18,Datos!$D$18,IF(Evalucion!AY11=Datos!$C$19,Datos!$D$19,"="))))) -> 5 | AY13: =IF(Evalucion!AZ11=Datos!$C$15,Datos!$D$15,IF(Evalucion!AZ11=Datos!$C$16,Datos!$D$16,IF(Evalucion!AZ11=Datos!$C$17,Datos!$D$17,IF(Evalucion!AZ11=Datos!$C$18,Datos!$D$18,IF(Evalucion!AZ11=Datos!$C$19,Datos!$D$19,"="))))) -> 5 | AZ13: =IF(Evalucion!BA11=Datos!$C$15,Datos!$D$15,IF(Evalucion!BA11=Datos!$C$16,Datos!$D$16,IF(Evalucion!BA11=Datos!$C$17,Datos!$D$17,IF(Evalucion!BA11=Datos!$C$18,Datos!$D$18,IF(Evalucion!BA11=Datos!$C$19,Datos!$D$19,"="))))) -> 5 | BA13: =IF(Evalucion!BB11=Datos!$C$15,Datos!$D$15,IF(Evalucion!BB11=Datos!$C$16,Datos!$D$16,IF(Evalucion!BB11=Datos!$C$17,Datos!$D$17,IF(Evalucion!BB11=Datos!$C$18,Datos!$D$18,IF(Evalucion!BB11=Datos!$C$19,Datos!$D$19,"="))))) -> 5 | BB13: =IF(Evalucion!BC11=Datos!$C$15,Datos!$D$15,IF(Evalucion!BC11=Datos!$C$16,Datos!$D$16,IF(Evalucion!BC11=Datos!$C$17,Datos!$D$17,IF(Evalucion!BC11=Datos!$C$18,Datos!$D$18,IF(Evalucion!BC11=Datos!$C$19,Datos!$D$19,"="))))) -> 1 | BC13: =IF(Evalucion!BD11=Datos!$C$15,Datos!$D$15,IF(Evalucion!BD11=Datos!$C$16,Datos!$D$16,IF(Evalucion!BD11=Datos!$C$17,Datos!$D$17,IF(Evalucion!BD11=Datos!$C$18,Datos!$D$18,IF(Evalucion!BD11=Datos!$C$19,Datos!$D$19,"="))))) -> 1 | ... EY13: =IF(Evalucion!EZ11=Datos!$C$15,Datos!$D$15,IF(Evalucion!EZ11=Datos!$C$16,Datos!$D$16,IF(Evalucion!EZ11=Datos!$C$17,Datos!$D$17,IF(Evalucion!EZ11=Datos!$C$18,Datos!$D$18,IF(Evalucion!EZ11=Datos!$C$19,Datos!$D$19,"="))))) -> 3 | FA13: =SUMIF($E$2:$EY$2,FA$3,$E13:$EY13) -> 275 | FB13: =SUMIF($E$2:$EY$2,FB$3,$E13:$EY13) -> 209 | FC13: =FB13/($FB$2*5) -> 0.55733333 | FD13: =IF(FC13>0.899,$FI$4,IF(FC13>0.499,$FI$5,$FI$6)) -> Conf_CR | FF13: =SUM(E13:EY13) -> 484 | FG13: =FF13-FB13-FA13 -> 0
A14: =1+A13 -> 11 | B14: PRODUCTO 1 - DOMESTICA - FABRICANTE 3 | C14: FABRICANTE 3 | D14: 43551 | E14: =IF(Evalucion!F12=Datos!$C$15,Datos!$D$15,IF(Evalucion!F12=Datos!$C$16,Datos!$D$16,IF(Evalucion!F12=Datos!$C$17,Datos!$D$17,IF(Evalucion!F12=Datos!$C$18,Datos!$D$18,IF(Evalucion!F12=Datos!$C$19,Datos!$D$19,"="))))) -> 5 | F14: =IF(Evalucion!G12=Datos!$C$15,Datos!$D$15,IF(Evalucion!G12=Datos!$C$16,Datos!$D$16,IF(Evalucion!G12=Datos!$C$17,Datos!$D$17,IF(Evalucion!G12=Datos!$C$18,Datos!$D$18,IF(Evalucion!G12=Datos!$C$19,Datos!$D$19,"="))))) -> 5 | G14: =IF(Evalucion!H12=Datos!$C$15,Datos!$D$15,IF(Evalucion!H12=Datos!$C$16,Datos!$D$16,IF(Evalucion!H12=Datos!$C$17,Datos!$D$17,IF(Evalucion!H12=Datos!$C$18,Datos!$D$18,IF(Evalucion!H12=Datos!$C$19,Datos!$D$19,"="))))) -> 5 | H14: =IF(Evalucion!I12=Datos!$C$15,Datos!$D$15,IF(Evalucion!I12=Datos!$C$16,Datos!$D$16,IF(Evalucion!I12=Datos!$C$17,Datos!$D$17,IF(Evalucion!I12=Datos!$C$18,Datos!$D$18,IF(Evalucion!I12=Datos!$C$19,Datos!$D$19,"="))))) -> 1 | I14: =IF(Evalucion!J12=Datos!$C$15,Datos!$D$15,IF(Evalucion!J12=Datos!$C$16,Datos!$D$16,IF(Evalucion!J12=Datos!$C$17,Datos!$D$17,IF(Evalucion!J12=Datos!$C$18,Datos!$D$18,IF(Evalucion!J12=Datos!$C$19,Datos!$D$19,"="))))) -> 1 | J14: =IF(Evalucion!K12=Datos!$C$15,Datos!$D$15,IF(Evalucion!K12=Datos!$C$16,Datos!$D$16,IF(Evalucion!K12=Datos!$C$17,Datos!$D$17,IF(Evalucion!K12=Datos!$C$18,Datos!$D$18,IF(Evalucion!K12=Datos!$C$19,Datos!$D$19,"="))))) -> 1 | K14: =IF(Evalucion!L12=Datos!$C$15,Datos!$D$15,IF(Evalucion!L12=Datos!$C$16,Datos!$D$16,IF(Evalucion!L12=Datos!$C$17,Datos!$D$17,IF(Evalucion!L12=Datos!$C$18,Datos!$D$18,IF(Evalucion!L12=Datos!$C$19,Datos!$D$19,"="))))) -> 5 | L14: =IF(Evalucion!M12=Datos!$C$15,Datos!$D$15,IF(Evalucion!M12=Datos!$C$16,Datos!$D$16,IF(Evalucion!M12=Datos!$C$17,Datos!$D$17,IF(Evalucion!M12=Datos!$C$18,Datos!$D$18,IF(Evalucion!M12=Datos!$C$19,Datos!$D$19,"="))))) -> 5 | ... AF14: =IF(Evalucion!AG12=Datos!$C$15,Datos!$D$15,IF(Evalucion!AG12=Datos!$C$16,Datos!$D$16,IF(Evalucion!AG12=Datos!$C$17,Datos!$D$17,IF(Evalucion!AG12=Datos!$C$18,Datos!$D$18,IF(Evalucion!AG12=Datos!$C$19,Datos!$D$19,"="))))) -> 5 | AO14: =IF(Evalucion!AP12=Datos!$C$15,Datos!$D$15,IF(Evalucion!AP12=Datos!$C$16,Datos!$D$16,IF(Evalucion!AP12=Datos!$C$17,Datos!$D$17,IF(Evalucion!AP12=Datos!$C$18,Datos!$D$18,IF(Evalucion!AP12=Datos!$C$19,Datos!$D$19,"="))))) -> 5 | AP14: =IF(Evalucion!AQ12=Datos!$C$15,Datos!$D$15,IF(Evalucion!AQ12=Datos!$C$16,Datos!$D$16,IF(Evalucion!AQ12=Datos!$C$17,Datos!$D$17,IF(Evalucion!AQ12=Datos!$C$18,Datos!$D$18,IF(Evalucion!AQ12=Datos!$C$19,Datos!$D$19,"="))))) -> 3 | AQ14: =IF(Evalucion!AR12=Datos!$C$15,Datos!$D$15,IF(Evalucion!AR12=Datos!$C$16,Datos!$D$16,IF(Evalucion!AR12=Datos!$C$17,Datos!$D$17,IF(Evalucion!AR12=Datos!$C$18,Datos!$D$18,IF(Evalucion!AR12=Datos!$C$19,Datos!$D$19,"="))))) -> 1 | AR14: =IF(Evalucion!AS12=Datos!$C$15,Datos!$D$15,IF(Evalucion!AS12=Datos!$C$16,Datos!$D$16,IF(Evalucion!AS12=Datos!$C$17,Datos!$D$17,IF(Evalucion!AS12=Datos!$C$18,Datos!$D$18,IF(Evalucion!AS12=Datos!$C$19,Datos!$D$19,"="))))) -> 1 | AS14: =IF(Evalucion!AT12=Datos!$C$15,Datos!$D$15,IF(Evalucion!AT12=Datos!$C$16,Datos!$D$16,IF(Evalucion!AT12=Datos!$C$17,Datos!$D$17,IF(Evalucion!AT12=Datos!$C$18,Datos!$D$18,IF(Evalucion!AT12=Datos!$C$19,Datos!$D$19,"="))))) -> 5 | AT14: =IF(Evalucion!AU12=Datos!$C$15,Datos!$D$15,IF(Evalucion!AU12=Datos!$C$16,Datos!$D$16,IF(Evalucion!AU12=Datos!$C$17,Datos!$D$17,IF(Evalucion!AU12=Datos!$C$18,Datos!$D$18,IF(Evalucion!AU12=Datos!$C$19,Datos!$D$19,"="))))) -> 3 | AV14: =IF(Evalucion!AW12=Datos!$C$15,Datos!$D$15,IF(Evalucion!AW12=Datos!$C$16,Datos!$D$16,IF(Evalucion!AW12=Datos!$C$17,Datos!$D$17,IF(Evalucion!AW12=Datos!$C$18,Datos!$D$18,IF(Evalucion!AW12=Datos!$C$19,Datos!$D$19,"="))))) -> 5 | AW14: =IF(Evalucion!AX12=Datos!$C$15,Datos!$D$15,IF(Evalucion!AX12=Datos!$C$16,Datos!$D$16,IF(Evalucion!AX12=Datos!$C$17,Datos!$D$17,IF(Evalucion!AX12=Datos!$C$18,Datos!$D$18,IF(Evalucion!AX12=Datos!$C$19,Datos!$D$19,"="))))) -> 1 | AX14: =IF(Evalucion!AY12=Datos!$C$15,Datos!$D$15,IF(Evalucion!AY12=Datos!$C$16,Datos!$D$16,IF(Evalucion!AY12=Datos!$C$17,Datos!$D$17,IF(Evalucion!AY12=Datos!$C$18,Datos!$D$18,IF(Evalucion!AY12=Datos!$C$19,Datos!$D$19,"="))))) -> 5 | AY14: =IF(Evalucion!AZ12=Datos!$C$15,Datos!$D$15,IF(Evalucion!AZ12=Datos!$C$16,Datos!$D$16,IF(Evalucion!AZ12=Datos!$C$17,Datos!$D$17,IF(Evalucion!AZ12=Datos!$C$18,Datos!$D$18,IF(Evalucion!AZ12=Datos!$C$19,Datos!$D$19,"="))))) -> 5 | AZ14: =IF(Evalucion!BA12=Datos!$C$15,Datos!$D$15,IF(Evalucion!BA12=Datos!$C$16,Datos!$D$16,IF(Evalucion!BA12=Datos!$C$17,Datos!$D$17,IF(Evalucion!BA12=Datos!$C$18,Datos!$D$18,IF(Evalucion!BA12=Datos!$C$19,Datos!$D$19,"="))))) -> 5 | BA14: =IF(Evalucion!BB12=Datos!$C$15,Datos!$D$15,IF(Evalucion!BB12=Datos!$C$16,Datos!$D$16,IF(Evalucion!BB12=Datos!$C$17,Datos!$D$17,IF(Evalucion!BB12=Datos!$C$18,Datos!$D$18,IF(Evalucion!BB12=Datos!$C$19,Datos!$D$19,"="))))) -> 5 | BB14: =IF(Evalucion!BC12=Datos!$C$15,Datos!$D$15,IF(Evalucion!BC12=Datos!$C$16,Datos!$D$16,IF(Evalucion!BC12=Datos!$C$17,Datos!$D$17,IF(Evalucion!BC12=Datos!$C$18,Datos!$D$18,IF(Evalucion!BC12=Datos!$C$19,Datos!$D$19,"="))))) -> 5 | BC14: =IF(Evalucion!BD12=Datos!$C$15,Datos!$D$15,IF(Evalucion!BD12=Datos!$C$16,Datos!$D$16,IF(Evalucion!BD12=Datos!$C$17,Datos!$D$17,IF(Evalucion!BD12=Datos!$C$18,Datos!$D$18,IF(Evalucion!BD12=Datos!$C$19,Datos!$D$19,"="))))) -> 1 | ... EY14: =IF(Evalucion!EZ12=Datos!$C$15,Datos!$D$15,IF(Evalucion!EZ12=Datos!$C$16,Datos!$D$16,IF(Evalucion!EZ12=Datos!$C$17,Datos!$D$17,IF(Evalucion!EZ12=Datos!$C$18,Datos!$D$18,IF(Evalucion!EZ12=Datos!$C$19,Datos!$D$19,"="))))) -> 3 | FA14: =SUMIF($E$2:$EY$2,FA$3,$E14:$EY14) -> 311 | FB14: =SUMIF($E$2:$EY$2,FB$3,$E14:$EY14) -> 259 | FC14: =FB14/($FB$2*5) -> 0.69066667 | FD14: =IF(FC14>0.899,$FI$4,IF(FC14>0.499,$FI$5,$FI$6)) -> Conf_CR | FF14: =SUM(E14:EY14) -> 570 | FG14: =FF14-FB14-FA14 -> 0
A15: =1+A14 -> 12 | B15: PRODUCTO 2 - DOMESTICA - FABRICANTE 3 | C15: FABRICANTE 3 | D15: 43493 | E15: =IF(Evalucion!F13=Datos!$C$15,Datos!$D$15,IF(Evalucion!F13=Datos!$C$16,Datos!$D$16,IF(Evalucion!F13=Datos!$C$17,Datos!$D$17,IF(Evalucion!F13=Datos!$C$18,Datos!$D$18,IF(Evalucion!F13=Datos!$C$19,Datos!$D$19,"="))))) -> 5 | F15: =IF(Evalucion!G13=Datos!$C$15,Datos!$D$15,IF(Evalucion!G13=Datos!$C$16,Datos!$D$16,IF(Evalucion!G13=Datos!$C$17,Datos!$D$17,IF(Evalucion!G13=Datos!$C$18,Datos!$D$18,IF(Evalucion!G13=Datos!$C$19,Datos!$D$19,"="))))) -> 5 | G15: =IF(Evalucion!H13=Datos!$C$15,Datos!$D$15,IF(Evalucion!H13=Datos!$C$16,Datos!$D$16,IF(Evalucion!H13=Datos!$C$17,Datos!$D$17,IF(Evalucion!H13=Datos!$C$18,Datos!$D$18,IF(Evalucion!H13=Datos!$C$19,Datos!$D$19,"="))))) -> 5 | H15: =IF(Evalucion!I13=Datos!$C$15,Datos!$D$15,IF(Evalucion!I13=Datos!$C$16,Datos!$D$16,IF(Evalucion!I13=Datos!$C$17,Datos!$D$17,IF(Evalucion!I13=Datos!$C$18,Datos!$D$18,IF(Evalucion!I13=Datos!$C$19,Datos!$D$19,"="))))) -> 1 | I15: =IF(Evalucion!J13=Datos!$C$15,Datos!$D$15,IF(Evalucion!J13=Datos!$C$16,Datos!$D$16,IF(Evalucion!J13=Datos!$C$17,Datos!$D$17,IF(Evalucion!J13=Datos!$C$18,Datos!$D$18,IF(Evalucion!J13=Datos!$C$19,Datos!$D$19,"="))))) -> 1 | J15: =IF(Evalucion!K13=Datos!$C$15,Datos!$D$15,IF(Evalucion!K13=Datos!$C$16,Datos!$D$16,IF(Evalucion!K13=Datos!$C$17,Datos!$D$17,IF(Evalucion!K13=Datos!$C$18,Datos!$D$18,IF(Evalucion!K13=Datos!$C$19,Datos!$D$19,"="))))) -> 1 | K15: =IF(Evalucion!L13=Datos!$C$15,Datos!$D$15,IF(Evalucion!L13=Datos!$C$16,Datos!$D$16,IF(Evalucion!L13=Datos!$C$17,Datos!$D$17,IF(Evalucion!L13=Datos!$C$18,Datos!$D$18,IF(Evalucion!L13=Datos!$C$19,Datos!$D$19,"="))))) -> 5 | L15: =IF(Evalucion!M13=Datos!$C$15,Datos!$D$15,IF(Evalucion!M13=Datos!$C$16,Datos!$D$16,IF(Evalucion!M13=Datos!$C$17,Datos!$D$17,IF(Evalucion!M13=Datos!$C$18,Datos!$D$18,IF(Evalucion!M13=Datos!$C$19,Datos!$D$19,"="))))) -> 3 | ... AF15: =IF(Evalucion!AG13=Datos!$C$15,Datos!$D$15,IF(Evalucion!AG13=Datos!$C$16,Datos!$D$16,IF(Evalucion!AG13=Datos!$C$17,Datos!$D$17,IF(Evalucion!AG13=Datos!$C$18,Datos!$D$18,IF(Evalucion!AG13=Datos!$C$19,Datos!$D$19,"="))))) -> 5 | AO15: =IF(Evalucion!AP13=Datos!$C$15,Datos!$D$15,IF(Evalucion!AP13=Datos!$C$16,Datos!$D$16,IF(Evalucion!AP13=Datos!$C$17,Datos!$D$17,IF(Evalucion!AP13=Datos!$C$18,Datos!$D$18,IF(Evalucion!AP13=Datos!$C$19,Datos!$D$19,"="))))) -> 5 | AP15: =IF(Evalucion!AQ13=Datos!$C$15,Datos!$D$15,IF(Evalucion!AQ13=Datos!$C$16,Datos!$D$16,IF(Evalucion!AQ13=Datos!$C$17,Datos!$D$17,IF(Evalucion!AQ13=Datos!$C$18,Datos!$D$18,IF(Evalucion!AQ13=Datos!$C$19,Datos!$D$19,"="))))) -> 3 | AQ15: =IF(Evalucion!AR13=Datos!$C$15,Datos!$D$15,IF(Evalucion!AR13=Datos!$C$16,Datos!$D$16,IF(Evalucion!AR13=Datos!$C$17,Datos!$D$17,IF(Evalucion!AR13=Datos!$C$18,Datos!$D$18,IF(Evalucion!AR13=Datos!$C$19,Datos!$D$19,"="))))) -> 1 | AR15: =IF(Evalucion!AS13=Datos!$C$15,Datos!$D$15,IF(Evalucion!AS13=Datos!$C$16,Datos!$D$16,IF(Evalucion!AS13=Datos!$C$17,Datos!$D$17,IF(Evalucion!AS13=Datos!$C$18,Datos!$D$18,IF(Evalucion!AS13=Datos!$C$19,Datos!$D$19,"="))))) -> 1 | AS15: =IF(Evalucion!AT13=Datos!$C$15,Datos!$D$15,IF(Evalucion!AT13=Datos!$C$16,Datos!$D$16,IF(Evalucion!AT13=Datos!$C$17,Datos!$D$17,IF(Evalucion!AT13=Datos!$C$18,Datos!$D$18,IF(Evalucion!AT13=Datos!$C$19,Datos!$D$19,"="))))) -> 5 | AT15: =IF(Evalucion!AU13=Datos!$C$15,Datos!$D$15,IF(Evalucion!AU13=Datos!$C$16,Datos!$D$16,IF(Evalucion!AU13=Datos!$C$17,Datos!$D$17,IF(Evalucion!AU13=Datos!$C$18,Datos!$D$18,IF(Evalucion!AU13=Datos!$C$19,Datos!$D$19,"="))))) -> 3 | AV15: =IF(Evalucion!AW13=Datos!$C$15,Datos!$D$15,IF(Evalucion!AW13=Datos!$C$16,Datos!$D$16,IF(Evalucion!AW13=Datos!$C$17,Datos!$D$17,IF(Evalucion!AW13=Datos!$C$18,Datos!$D$18,IF(Evalucion!AW13=Datos!$C$19,Datos!$D$19,"="))))) -> 5 | AW15: =IF(Evalucion!AX13=Datos!$C$15,Datos!$D$15,IF(Evalucion!AX13=Datos!$C$16,Datos!$D$16,IF(Evalucion!AX13=Datos!$C$17,Datos!$D$17,IF(Evalucion!AX13=Datos!$C$18,Datos!$D$18,IF(Evalucion!AX13=Datos!$C$19,Datos!$D$19,"="))))) -> 3 | AX15: =IF(Evalucion!AY13=Datos!$C$15,Datos!$D$15,IF(Evalucion!AY13=Datos!$C$16,Datos!$D$16,IF(Evalucion!AY13=Datos!$C$17,Datos!$D$17,IF(Evalucion!AY13=Datos!$C$18,Datos!$D$18,IF(Evalucion!AY13=Datos!$C$19,Datos!$D$19,"="))))) -> 5 | AY15: =IF(Evalucion!AZ13=Datos!$C$15,Datos!$D$15,IF(Evalucion!AZ13=Datos!$C$16,Datos!$D$16,IF(Evalucion!AZ13=Datos!$C$17,Datos!$D$17,IF(Evalucion!AZ13=Datos!$C$18,Datos!$D$18,IF(Evalucion!AZ13=Datos!$C$19,Datos!$D$19,"="))))) -> 5 | AZ15: =IF(Evalucion!BA13=Datos!$C$15,Datos!$D$15,IF(Evalucion!BA13=Datos!$C$16,Datos!$D$16,IF(Evalucion!BA13=Datos!$C$17,Datos!$D$17,IF(Evalucion!BA13=Datos!$C$18,Datos!$D$18,IF(Evalucion!BA13=Datos!$C$19,Datos!$D$19,"="))))) -> 5 | BA15: =IF(Evalucion!BB13=Datos!$C$15,Datos!$D$15,IF(Evalucion!BB13=Datos!$C$16,Datos!$D$16,IF(Evalucion!BB13=Datos!$C$17,Datos!$D$17,IF(Evalucion!BB13=Datos!$C$18,Datos!$D$18,IF(Evalucion!BB13=Datos!$C$19,Datos!$D$19,"="))))) -> 5 | BB15: =IF(Evalucion!BC13=Datos!$C$15,Datos!$D$15,IF(Evalucion!BC13=Datos!$C$16,Datos!$D$16,IF(Evalucion!BC13=Datos!$C$17,Datos!$D$17,IF(Evalucion!BC13=Datos!$C$18,Datos!$D$18,IF(Evalucion!BC13=Datos!$C$19,Datos!$D$19,"="))))) -> 5 | BC15: =IF(Evalucion!BD13=Datos!$C$15,Datos!$D$15,IF(Evalucion!BD13=Datos!$C$16,Datos!$D$16,IF(Evalucion!BD13=Datos!$C$17,Datos!$D$17,IF(Evalucion!BD13=Datos!$C$18,Datos!$D$18,IF(Evalucion!BD13=Datos!$C$19,Datos!$D$19,"="))))) -> 1 | ... EY15: =IF(Evalucion!EZ13=Datos!$C$15,Datos!$D$15,IF(Evalucion!EZ13=Datos!$C$16,Datos!$D$16,IF(Evalucion!EZ13=Datos!$C$17,Datos!$D$17,IF(Evalucion!EZ13=Datos!$C$18,Datos!$D$18,IF(Evalucion!EZ13=Datos!$C$19,Datos!$D$19,"="))))) -> 3 | FA15: =SUMIF($E$2:$EY$2,FA$3,$E15:$EY15) -> 307 | FB15: =SUMIF($E$2:$EY$2,FB$3,$E15:$EY15) -> 251 | FC15: =FB15/($FB$2*5) -> 0.66933333 | FD15: =IF(FC15>0.899,$FI$4,IF(FC15>0.499,$FI$5,$FI$6)) -> Conf_CR | FF15: =SUM(E15:EY15) -> 558 | FG15: =FF15-FB15-FA15 -> 0
A16: =1+A15 -> 13 | B16: PRODUCTO 3 - DOMESTICA - FABRICANTE 3 | C16: FABRICANTE 3 | D16: 43236 | E16: =IF(Evalucion!F14=Datos!$C$15,Datos!$D$15,IF(Evalucion!F14=Datos!$C$16,Datos!$D$16,IF(Evalucion!F14=Datos!$C$17,Datos!$D$17,IF(Evalucion!F14=Datos!$C$18,Datos!$D$18,IF(Evalucion!F14=Datos!$C$19,Datos!$D$19,"="))))) -> 5 | F16: =IF(Evalucion!G14=Datos!$C$15,Datos!$D$15,IF(Evalucion!G14=Datos!$C$16,Datos!$D$16,IF(Evalucion!G14=Datos!$C$17,Datos!$D$17,IF(Evalucion!G14=Datos!$C$18,Datos!$D$18,IF(Evalucion!G14=Datos!$C$19,Datos!$D$19,"="))))) -> 5 | G16: =IF(Evalucion!H14=Datos!$C$15,Datos!$D$15,IF(Evalucion!H14=Datos!$C$16,Datos!$D$16,IF(Evalucion!H14=Datos!$C$17,Datos!$D$17,IF(Evalucion!H14=Datos!$C$18,Datos!$D$18,IF(Evalucion!H14=Datos!$C$19,Datos!$D$19,"="))))) -> 5 | H16: =IF(Evalucion!I14=Datos!$C$15,Datos!$D$15,IF(Evalucion!I14=Datos!$C$16,Datos!$D$16,IF(Evalucion!I14=Datos!$C$17,Datos!$D$17,IF(Evalucion!I14=Datos!$C$18,Datos!$D$18,IF(Evalucion!I14=Datos!$C$19,Datos!$D$19,"="))))) -> 1 | I16: =IF(Evalucion!J14=Datos!$C$15,Datos!$D$15,IF(Evalucion!J14=Datos!$C$16,Datos!$D$16,IF(Evalucion!J14=Datos!$C$17,Datos!$D$17,IF(Evalucion!J14=Datos!$C$18,Datos!$D$18,IF(Evalucion!J14=Datos!$C$19,Datos!$D$19,"="))))) -> 1 | J16: =IF(Evalucion!K14=Datos!$C$15,Datos!$D$15,IF(Evalucion!K14=Datos!$C$16,Datos!$D$16,IF(Evalucion!K14=Datos!$C$17,Datos!$D$17,IF(Evalucion!K14=Datos!$C$18,Datos!$D$18,IF(Evalucion!K14=Datos!$C$19,Datos!$D$19,"="))))) -> 5 | K16: =IF(Evalucion!L14=Datos!$C$15,Datos!$D$15,IF(Evalucion!L14=Datos!$C$16,Datos!$D$16,IF(Evalucion!L14=Datos!$C$17,Datos!$D$17,IF(Evalucion!L14=Datos!$C$18,Datos!$D$18,IF(Evalucion!L14=Datos!$C$19,Datos!$D$19,"="))))) -> 5 | L16: =IF(Evalucion!M14=Datos!$C$15,Datos!$D$15,IF(Evalucion!M14=Datos!$C$16,Datos!$D$16,IF(Evalucion!M14=Datos!$C$17,Datos!$D$17,IF(Evalucion!M14=Datos!$C$18,Datos!$D$18,IF(Evalucion!M14=Datos!$C$19,Datos!$D$19,"="))))) -> 3 | ... AF16: =IF(Evalucion!AG14=Datos!$C$15,Datos!$D$15,IF(Evalucion!AG14=Datos!$C$16,Datos!$D$16,IF(Evalucion!AG14=Datos!$C$17,Datos!$D$17,IF(Evalucion!AG14=Datos!$C$18,Datos!$D$18,IF(Evalucion!AG14=Datos!$C$19,Datos!$D$19,"="))))) -> 5 | AO16: =IF(Evalucion!AP14=Datos!$C$15,Datos!$D$15,IF(Evalucion!AP14=Datos!$C$16,Datos!$D$16,IF(Evalucion!AP14=Datos!$C$17,Datos!$D$17,IF(Evalucion!AP14=Datos!$C$18,Datos!$D$18,IF(Evalucion!AP14=Datos!$C$19,Datos!$D$19,"="))))) -> 5 | AP16: =IF(Evalucion!AQ14=Datos!$C$15,Datos!$D$15,IF(Evalucion!AQ14=Datos!$C$16,Datos!$D$16,IF(Evalucion!AQ14=Datos!$C$17,Datos!$D$17,IF(Evalucion!AQ14=Datos!$C$18,Datos!$D$18,IF(Evalucion!AQ14=Datos!$C$19,Datos!$D$19,"="))))) -> 3 | AQ16: =IF(Evalucion!AR14=Datos!$C$15,Datos!$D$15,IF(Evalucion!AR14=Datos!$C$16,Datos!$D$16,IF(Evalucion!AR14=Datos!$C$17,Datos!$D$17,IF(Evalucion!AR14=Datos!$C$18,Datos!$D$18,IF(Evalucion!AR14=Datos!$C$19,Datos!$D$19,"="))))) -> 1 | AR16: =IF(Evalucion!AS14=Datos!$C$15,Datos!$D$15,IF(Evalucion!AS14=Datos!$C$16,Datos!$D$16,IF(Evalucion!AS14=Datos!$C$17,Datos!$D$17,IF(Evalucion!AS14=Datos!$C$18,Datos!$D$18,IF(Evalucion!AS14=Datos!$C$19,Datos!$D$19,"="))))) -> 1 | AS16: =IF(Evalucion!AT14=Datos!$C$15,Datos!$D$15,IF(Evalucion!AT14=Datos!$C$16,Datos!$D$16,IF(Evalucion!AT14=Datos!$C$17,Datos!$D$17,IF(Evalucion!AT14=Datos!$C$18,Datos!$D$18,IF(Evalucion!AT14=Datos!$C$19,Datos!$D$19,"="))))) -> 5 | AT16: =IF(Evalucion!AU14=Datos!$C$15,Datos!$D$15,IF(Evalucion!AU14=Datos!$C$16,Datos!$D$16,IF(Evalucion!AU14=Datos!$C$17,Datos!$D$17,IF(Evalucion!AU14=Datos!$C$18,Datos!$D$18,IF(Evalucion!AU14=Datos!$C$19,Datos!$D$19,"="))))) -> 3 | AV16: =IF(Evalucion!AW14=Datos!$C$15,Datos!$D$15,IF(Evalucion!AW14=Datos!$C$16,Datos!$D$16,IF(Evalucion!AW14=Datos!$C$17,Datos!$D$17,IF(Evalucion!AW14=Datos!$C$18,Datos!$D$18,IF(Evalucion!AW14=Datos!$C$19,Datos!$D$19,"="))))) -> 5 | AW16: =IF(Evalucion!AX14=Datos!$C$15,Datos!$D$15,IF(Evalucion!AX14=Datos!$C$16,Datos!$D$16,IF(Evalucion!AX14=Datos!$C$17,Datos!$D$17,IF(Evalucion!AX14=Datos!$C$18,Datos!$D$18,IF(Evalucion!AX14=Datos!$C$19,Datos!$D$19,"="))))) -> 1 | AX16: =IF(Evalucion!AY14=Datos!$C$15,Datos!$D$15,IF(Evalucion!AY14=Datos!$C$16,Datos!$D$16,IF(Evalucion!AY14=Datos!$C$17,Datos!$D$17,IF(Evalucion!AY14=Datos!$C$18,Datos!$D$18,IF(Evalucion!AY14=Datos!$C$19,Datos!$D$19,"="))))) -> 5 | AY16: =IF(Evalucion!AZ14=Datos!$C$15,Datos!$D$15,IF(Evalucion!AZ14=Datos!$C$16,Datos!$D$16,IF(Evalucion!AZ14=Datos!$C$17,Datos!$D$17,IF(Evalucion!AZ14=Datos!$C$18,Datos!$D$18,IF(Evalucion!AZ14=Datos!$C$19,Datos!$D$19,"="))))) -> 5 | AZ16: =IF(Evalucion!BA14=Datos!$C$15,Datos!$D$15,IF(Evalucion!BA14=Datos!$C$16,Datos!$D$16,IF(Evalucion!BA14=Datos!$C$17,Datos!$D$17,IF(Evalucion!BA14=Datos!$C$18,Datos!$D$18,IF(Evalucion!BA14=Datos!$C$19,Datos!$D$19,"="))))) -> 5 | BA16: =IF(Evalucion!BB14=Datos!$C$15,Datos!$D$15,IF(Evalucion!BB14=Datos!$C$16,Datos!$D$16,IF(Evalucion!BB14=Datos!$C$17,Datos!$D$17,IF(Evalucion!BB14=Datos!$C$18,Datos!$D$18,IF(Evalucion!BB14=Datos!$C$19,Datos!$D$19,"="))))) -> 5 | BB16: =IF(Evalucion!BC14=Datos!$C$15,Datos!$D$15,IF(Evalucion!BC14=Datos!$C$16,Datos!$D$16,IF(Evalucion!BC14=Datos!$C$17,Datos!$D$17,IF(Evalucion!BC14=Datos!$C$18,Datos!$D$18,IF(Evalucion!BC14=Datos!$C$19,Datos!$D$19,"="))))) -> 5 | BC16: =IF(Evalucion!BD14=Datos!$C$15,Datos!$D$15,IF(Evalucion!BD14=Datos!$C$16,Datos!$D$16,IF(Evalucion!BD14=Datos!$C$17,Datos!$D$17,IF(Evalucion!BD14=Datos!$C$18,Datos!$D$18,IF(Evalucion!BD14=Datos!$C$19,Datos!$D$19,"="))))) -> 1 | ... EY16: =IF(Evalucion!EZ14=Datos!$C$15,Datos!$D$15,IF(Evalucion!EZ14=Datos!$C$16,Datos!$D$16,IF(Evalucion!EZ14=Datos!$C$17,Datos!$D$17,IF(Evalucion!EZ14=Datos!$C$18,Datos!$D$18,IF(Evalucion!EZ14=Datos!$C$19,Datos!$D$19,"="))))) -> 3 | FA16: =SUMIF($E$2:$EY$2,FA$3,$E16:$EY16) -> 291 | FB16: =SUMIF($E$2:$EY$2,FB$3,$E16:$EY16) -> 241 | FC16: =FB16/($FB$2*5) -> 0.64266667 | FD16: =IF(FC16>0.899,$FI$4,IF(FC16>0.499,$FI$5,$FI$6)) -> Conf_CR | FF16: =SUM(E16:EY16) -> 532 | FG16: =FF16-FB16-FA16 -> 0
A17: =1+A16 -> 14 | B17: PRODUCTO 4 - DOMESTICA - FABRICANTE 3 | C17: FABRICANTE 3 | D17: 43246 | E17: =IF(Evalucion!F15=Datos!$C$15,Datos!$D$15,IF(Evalucion!F15=Datos!$C$16,Datos!$D$16,IF(Evalucion!F15=Datos!$C$17,Datos!$D$17,IF(Evalucion!F15=Datos!$C$18,Datos!$D$18,IF(Evalucion!F15=Datos!$C$19,Datos!$D$19,"="))))) -> 5 | F17: =IF(Evalucion!G15=Datos!$C$15,Datos!$D$15,IF(Evalucion!G15=Datos!$C$16,Datos!$D$16,IF(Evalucion!G15=Datos!$C$17,Datos!$D$17,IF(Evalucion!G15=Datos!$C$18,Datos!$D$18,IF(Evalucion!G15=Datos!$C$19,Datos!$D$19,"="))))) -> 5 | G17: =IF(Evalucion!H15=Datos!$C$15,Datos!$D$15,IF(Evalucion!H15=Datos!$C$16,Datos!$D$16,IF(Evalucion!H15=Datos!$C$17,Datos!$D$17,IF(Evalucion!H15=Datos!$C$18,Datos!$D$18,IF(Evalucion!H15=Datos!$C$19,Datos!$D$19,"="))))) -> 5 | H17: =IF(Evalucion!I15=Datos!$C$15,Datos!$D$15,IF(Evalucion!I15=Datos!$C$16,Datos!$D$16,IF(Evalucion!I15=Datos!$C$17,Datos!$D$17,IF(Evalucion!I15=Datos!$C$18,Datos!$D$18,IF(Evalucion!I15=Datos!$C$19,Datos!$D$19,"="))))) -> 1 | I17: =IF(Evalucion!J15=Datos!$C$15,Datos!$D$15,IF(Evalucion!J15=Datos!$C$16,Datos!$D$16,IF(Evalucion!J15=Datos!$C$17,Datos!$D$17,IF(Evalucion!J15=Datos!$C$18,Datos!$D$18,IF(Evalucion!J15=Datos!$C$19,Datos!$D$19,"="))))) -> 1 | J17: =IF(Evalucion!K15=Datos!$C$15,Datos!$D$15,IF(Evalucion!K15=Datos!$C$16,Datos!$D$16,IF(Evalucion!K15=Datos!$C$17,Datos!$D$17,IF(Evalucion!K15=Datos!$C$18,Datos!$D$18,IF(Evalucion!K15=Datos!$C$19,Datos!$D$19,"="))))) -> 1 | K17: =IF(Evalucion!L15=Datos!$C$15,Datos!$D$15,IF(Evalucion!L15=Datos!$C$16,Datos!$D$16,IF(Evalucion!L15=Datos!$C$17,Datos!$D$17,IF(Evalucion!L15=Datos!$C$18,Datos!$D$18,IF(Evalucion!L15=Datos!$C$19,Datos!$D$19,"="))))) -> 5 | L17: =IF(Evalucion!M15=Datos!$C$15,Datos!$D$15,IF(Evalucion!M15=Datos!$C$16,Datos!$D$16,IF(Evalucion!M15=Datos!$C$17,Datos!$D$17,IF(Evalucion!M15=Datos!$C$18,Datos!$D$18,IF(Evalucion!M15=Datos!$C$19,Datos!$D$19,"="))))) -> 5 | ... AF17: =IF(Evalucion!AG15=Datos!$C$15,Datos!$D$15,IF(Evalucion!AG15=Datos!$C$16,Datos!$D$16,IF(Evalucion!AG15=Datos!$C$17,Datos!$D$17,IF(Evalucion!AG15=Datos!$C$18,Datos!$D$18,IF(Evalucion!AG15=Datos!$C$19,Datos!$D$19,"="))))) -> 5 | AO17: =IF(Evalucion!AP15=Datos!$C$15,Datos!$D$15,IF(Evalucion!AP15=Datos!$C$16,Datos!$D$16,IF(Evalucion!AP15=Datos!$C$17,Datos!$D$17,IF(Evalucion!AP15=Datos!$C$18,Datos!$D$18,IF(Evalucion!AP15=Datos!$C$19,Datos!$D$19,"="))))) -> 5 | AP17: =IF(Evalucion!AQ15=Datos!$C$15,Datos!$D$15,IF(Evalucion!AQ15=Datos!$C$16,Datos!$D$16,IF(Evalucion!AQ15=Datos!$C$17,Datos!$D$17,IF(Evalucion!AQ15=Datos!$C$18,Datos!$D$18,IF(Evalucion!AQ15=Datos!$C$19,Datos!$D$19,"="))))) -> 3 | AQ17: =IF(Evalucion!AR15=Datos!$C$15,Datos!$D$15,IF(Evalucion!AR15=Datos!$C$16,Datos!$D$16,IF(Evalucion!AR15=Datos!$C$17,Datos!$D$17,IF(Evalucion!AR15=Datos!$C$18,Datos!$D$18,IF(Evalucion!AR15=Datos!$C$19,Datos!$D$19,"="))))) -> 1 | AR17: =IF(Evalucion!AS15=Datos!$C$15,Datos!$D$15,IF(Evalucion!AS15=Datos!$C$16,Datos!$D$16,IF(Evalucion!AS15=Datos!$C$17,Datos!$D$17,IF(Evalucion!AS15=Datos!$C$18,Datos!$D$18,IF(Evalucion!AS15=Datos!$C$19,Datos!$D$19,"="))))) -> 1 | AS17: =IF(Evalucion!AT15=Datos!$C$15,Datos!$D$15,IF(Evalucion!AT15=Datos!$C$16,Datos!$D$16,IF(Evalucion!AT15=Datos!$C$17,Datos!$D$17,IF(Evalucion!AT15=Datos!$C$18,Datos!$D$18,IF(Evalucion!AT15=Datos!$C$19,Datos!$D$19,"="))))) -> 5 | AT17: =IF(Evalucion!AU15=Datos!$C$15,Datos!$D$15,IF(Evalucion!AU15=Datos!$C$16,Datos!$D$16,IF(Evalucion!AU15=Datos!$C$17,Datos!$D$17,IF(Evalucion!AU15=Datos!$C$18,Datos!$D$18,IF(Evalucion!AU15=Datos!$C$19,Datos!$D$19,"="))))) -> 3 | AV17: =IF(Evalucion!AW15=Datos!$C$15,Datos!$D$15,IF(Evalucion!AW15=Datos!$C$16,Datos!$D$16,IF(Evalucion!AW15=Datos!$C$17,Datos!$D$17,IF(Evalucion!AW15=Datos!$C$18,Datos!$D$18,IF(Evalucion!AW15=Datos!$C$19,Datos!$D$19,"="))))) -> 5 | AW17: =IF(Evalucion!AX15=Datos!$C$15,Datos!$D$15,IF(Evalucion!AX15=Datos!$C$16,Datos!$D$16,IF(Evalucion!AX15=Datos!$C$17,Datos!$D$17,IF(Evalucion!AX15=Datos!$C$18,Datos!$D$18,IF(Evalucion!AX15=Datos!$C$19,Datos!$D$19,"="))))) -> 1 | AX17: =IF(Evalucion!AY15=Datos!$C$15,Datos!$D$15,IF(Evalucion!AY15=Datos!$C$16,Datos!$D$16,IF(Evalucion!AY15=Datos!$C$17,Datos!$D$17,IF(Evalucion!AY15=Datos!$C$18,Datos!$D$18,IF(Evalucion!AY15=Datos!$C$19,Datos!$D$19,"="))))) -> 5 | AY17: =IF(Evalucion!AZ15=Datos!$C$15,Datos!$D$15,IF(Evalucion!AZ15=Datos!$C$16,Datos!$D$16,IF(Evalucion!AZ15=Datos!$C$17,Datos!$D$17,IF(Evalucion!AZ15=Datos!$C$18,Datos!$D$18,IF(Evalucion!AZ15=Datos!$C$19,Datos!$D$19,"="))))) -> 5 | AZ17: =IF(Evalucion!BA15=Datos!$C$15,Datos!$D$15,IF(Evalucion!BA15=Datos!$C$16,Datos!$D$16,IF(Evalucion!BA15=Datos!$C$17,Datos!$D$17,IF(Evalucion!BA15=Datos!$C$18,Datos!$D$18,IF(Evalucion!BA15=Datos!$C$19,Datos!$D$19,"="))))) -> 5 | BA17: =IF(Evalucion!BB15=Datos!$C$15,Datos!$D$15,IF(Evalucion!BB15=Datos!$C$16,Datos!$D$16,IF(Evalucion!BB15=Datos!$C$17,Datos!$D$17,IF(Evalucion!BB15=Datos!$C$18,Datos!$D$18,IF(Evalucion!BB15=Datos!$C$19,Datos!$D$19,"="))))) -> 5 | BB17: =IF(Evalucion!BC15=Datos!$C$15,Datos!$D$15,IF(Evalucion!BC15=Datos!$C$16,Datos!$D$16,IF(Evalucion!BC15=Datos!$C$17,Datos!$D$17,IF(Evalucion!BC15=Datos!$C$18,Datos!$D$18,IF(Evalucion!BC15=Datos!$C$19,Datos!$D$19,"="))))) -> 5 | BC17: =IF(Evalucion!BD15=Datos!$C$15,Datos!$D$15,IF(Evalucion!BD15=Datos!$C$16,Datos!$D$16,IF(Evalucion!BD15=Datos!$C$17,Datos!$D$17,IF(Evalucion!BD15=Datos!$C$18,Datos!$D$18,IF(Evalucion!BD15=Datos!$C$19,Datos!$D$19,"="))))) -> 1 | ... EY17: =IF(Evalucion!EZ15=Datos!$C$15,Datos!$D$15,IF(Evalucion!EZ15=Datos!$C$16,Datos!$D$16,IF(Evalucion!EZ15=Datos!$C$17,Datos!$D$17,IF(Evalucion!EZ15=Datos!$C$18,Datos!$D$18,IF(Evalucion!EZ15=Datos!$C$19,Datos!$D$19,"="))))) -> 3 | FA17: =SUMIF($E$2:$EY$2,FA$3,$E17:$EY17) -> 311 | FB17: =SUMIF($E$2:$EY$2,FB$3,$E17:$EY17) -> 257 | FC17: =FB17/($FB$2*5) -> 0.68533333 | FD17: =IF(FC17>0.899,$FI$4,IF(FC17>0.499,$FI$5,$FI$6)) -> Conf_CR | FF17: =SUM(E17:EY17) -> 568 | FG17: =FF17-FB17-FA17 -> 0
A18: =1+A17 -> 15 | B18: PRODUCTO 1 - INDUSTRIAL - FABRICANTE 3 | C18: FABRICANTE 3 | D18: 43101 | E18: =IF(Evalucion!F16=Datos!$C$15,Datos!$D$15,IF(Evalucion!F16=Datos!$C$16,Datos!$D$16,IF(Evalucion!F16=Datos!$C$17,Datos!$D$17,IF(Evalucion!F16=Datos!$C$18,Datos!$D$18,IF(Evalucion!F16=Datos!$C$19,Datos!$D$19,"="))))) -> 5 | F18: =IF(Evalucion!G16=Datos!$C$15,Datos!$D$15,IF(Evalucion!G16=Datos!$C$16,Datos!$D$16,IF(Evalucion!G16=Datos!$C$17,Datos!$D$17,IF(Evalucion!G16=Datos!$C$18,Datos!$D$18,IF(Evalucion!G16=Datos!$C$19,Datos!$D$19,"="))))) -> 5 | G18: =IF(Evalucion!H16=Datos!$C$15,Datos!$D$15,IF(Evalucion!H16=Datos!$C$16,Datos!$D$16,IF(Evalucion!H16=Datos!$C$17,Datos!$D$17,IF(Evalucion!H16=Datos!$C$18,Datos!$D$18,IF(Evalucion!H16=Datos!$C$19,Datos!$D$19,"="))))) -> 5 | H18: =IF(Evalucion!I16=Datos!$C$15,Datos!$D$15,IF(Evalucion!I16=Datos!$C$16,Datos!$D$16,IF(Evalucion!I16=Datos!$C$17,Datos!$D$17,IF(Evalucion!I16=Datos!$C$18,Datos!$D$18,IF(Evalucion!I16=Datos!$C$19,Datos!$D$19,"="))))) -> 1 | I18: =IF(Evalucion!J16=Datos!$C$15,Datos!$D$15,IF(Evalucion!J16=Datos!$C$16,Datos!$D$16,IF(Evalucion!J16=Datos!$C$17,Datos!$D$17,IF(Evalucion!J16=Datos!$C$18,Datos!$D$18,IF(Evalucion!J16=Datos!$C$19,Datos!$D$19,"="))))) -> 1 | J18: =IF(Evalucion!K16=Datos!$C$15,Datos!$D$15,IF(Evalucion!K16=Datos!$C$16,Datos!$D$16,IF(Evalucion!K16=Datos!$C$17,Datos!$D$17,IF(Evalucion!K16=Datos!$C$18,Datos!$D$18,IF(Evalucion!K16=Datos!$C$19,Datos!$D$19,"="))))) -> 1 | K18: =IF(Evalucion!L16=Datos!$C$15,Datos!$D$15,IF(Evalucion!L16=Datos!$C$16,Datos!$D$16,IF(Evalucion!L16=Datos!$C$17,Datos!$D$17,IF(Evalucion!L16=Datos!$C$18,Datos!$D$18,IF(Evalucion!L16=Datos!$C$19,Datos!$D$19,"="))))) -> 5 | L18: =IF(Evalucion!M16=Datos!$C$15,Datos!$D$15,IF(Evalucion!M16=Datos!$C$16,Datos!$D$16,IF(Evalucion!M16=Datos!$C$17,Datos!$D$17,IF(Evalucion!M16=Datos!$C$18,Datos!$D$18,IF(Evalucion!M16=Datos!$C$19,Datos!$D$19,"="))))) -> 5 | ... AF18: =IF(Evalucion!AG16=Datos!$C$15,Datos!$D$15,IF(Evalucion!AG16=Datos!$C$16,Datos!$D$16,IF(Evalucion!AG16=Datos!$C$17,Datos!$D$17,IF(Evalucion!AG16=Datos!$C$18,Datos!$D$18,IF(Evalucion!AG16=Datos!$C$19,Datos!$D$19,"="))))) -> 5 | AO18: =IF(Evalucion!AP16=Datos!$C$15,Datos!$D$15,IF(Evalucion!AP16=Datos!$C$16,Datos!$D$16,IF(Evalucion!AP16=Datos!$C$17,Datos!$D$17,IF(Evalucion!AP16=Datos!$C$18,Datos!$D$18,IF(Evalucion!AP16=Datos!$C$19,Datos!$D$19,"="))))) -> 5 | AP18: =IF(Evalucion!AQ16=Datos!$C$15,Datos!$D$15,IF(Evalucion!AQ16=Datos!$C$16,Datos!$D$16,IF(Evalucion!AQ16=Datos!$C$17,Datos!$D$17,IF(Evalucion!AQ16=Datos!$C$18,Datos!$D$18,IF(Evalucion!AQ16=Datos!$C$19,Datos!$D$19,"="))))) -> 3 | AQ18: =IF(Evalucion!AR16=Datos!$C$15,Datos!$D$15,IF(Evalucion!AR16=Datos!$C$16,Datos!$D$16,IF(Evalucion!AR16=Datos!$C$17,Datos!$D$17,IF(Evalucion!AR16=Datos!$C$18,Datos!$D$18,IF(Evalucion!AR16=Datos!$C$19,Datos!$D$19,"="))))) -> 1 | AR18: =IF(Evalucion!AS16=Datos!$C$15,Datos!$D$15,IF(Evalucion!AS16=Datos!$C$16,Datos!$D$16,IF(Evalucion!AS16=Datos!$C$17,Datos!$D$17,IF(Evalucion!AS16=Datos!$C$18,Datos!$D$18,IF(Evalucion!AS16=Datos!$C$19,Datos!$D$19,"="))))) -> 1 | AS18: =IF(Evalucion!AT16=Datos!$C$15,Datos!$D$15,IF(Evalucion!AT16=Datos!$C$16,Datos!$D$16,IF(Evalucion!AT16=Datos!$C$17,Datos!$D$17,IF(Evalucion!AT16=Datos!$C$18,Datos!$D$18,IF(Evalucion!AT16=Datos!$C$19,Datos!$D$19,"="))))) -> 5 | AT18: =IF(Evalucion!AU16=Datos!$C$15,Datos!$D$15,IF(Evalucion!AU16=Datos!$C$16,Datos!$D$16,IF(Evalucion!AU16=Datos!$C$17,Datos!$D$17,IF(Evalucion!AU16=Datos!$C$18,Datos!$D$18,IF(Evalucion!AU16=Datos!$C$19,Datos!$D$19,"="))))) -> 3 | AV18: =IF(Evalucion!AW16=Datos!$C$15,Datos!$D$15,IF(Evalucion!AW16=Datos!$C$16,Datos!$D$16,IF(Evalucion!AW16=Datos!$C$17,Datos!$D$17,IF(Evalucion!AW16=Datos!$C$18,Datos!$D$18,IF(Evalucion!AW16=Datos!$C$19,Datos!$D$19,"="))))) -> 5 | AW18: =IF(Evalucion!AX16=Datos!$C$15,Datos!$D$15,IF(Evalucion!AX16=Datos!$C$16,Datos!$D$16,IF(Evalucion!AX16=Datos!$C$17,Datos!$D$17,IF(Evalucion!AX16=Datos!$C$18,Datos!$D$18,IF(Evalucion!AX16=Datos!$C$19,Datos!$D$19,"="))))) -> 1 | AX18: =IF(Evalucion!AY16=Datos!$C$15,Datos!$D$15,IF(Evalucion!AY16=Datos!$C$16,Datos!$D$16,IF(Evalucion!AY16=Datos!$C$17,Datos!$D$17,IF(Evalucion!AY16=Datos!$C$18,Datos!$D$18,IF(Evalucion!AY16=Datos!$C$19,Datos!$D$19,"="))))) -> 5 | AY18: =IF(Evalucion!AZ16=Datos!$C$15,Datos!$D$15,IF(Evalucion!AZ16=Datos!$C$16,Datos!$D$16,IF(Evalucion!AZ16=Datos!$C$17,Datos!$D$17,IF(Evalucion!AZ16=Datos!$C$18,Datos!$D$18,IF(Evalucion!AZ16=Datos!$C$19,Datos!$D$19,"="))))) -> 5 | AZ18: =IF(Evalucion!BA16=Datos!$C$15,Datos!$D$15,IF(Evalucion!BA16=Datos!$C$16,Datos!$D$16,IF(Evalucion!BA16=Datos!$C$17,Datos!$D$17,IF(Evalucion!BA16=Datos!$C$18,Datos!$D$18,IF(Evalucion!BA16=Datos!$C$19,Datos!$D$19,"="))))) -> 5 | BA18: =IF(Evalucion!BB16=Datos!$C$15,Datos!$D$15,IF(Evalucion!BB16=Datos!$C$16,Datos!$D$16,IF(Evalucion!BB16=Datos!$C$17,Datos!$D$17,IF(Evalucion!BB16=Datos!$C$18,Datos!$D$18,IF(Evalucion!BB16=Datos!$C$19,Datos!$D$19,"="))))) -> 5 | BB18: =IF(Evalucion!BC16=Datos!$C$15,Datos!$D$15,IF(Evalucion!BC16=Datos!$C$16,Datos!$D$16,IF(Evalucion!BC16=Datos!$C$17,Datos!$D$17,IF(Evalucion!BC16=Datos!$C$18,Datos!$D$18,IF(Evalucion!BC16=Datos!$C$19,Datos!$D$19,"="))))) -> 5 | BC18: =IF(Evalucion!BD16=Datos!$C$15,Datos!$D$15,IF(Evalucion!BD16=Datos!$C$16,Datos!$D$16,IF(Evalucion!BD16=Datos!$C$17,Datos!$D$17,IF(Evalucion!BD16=Datos!$C$18,Datos!$D$18,IF(Evalucion!BD16=Datos!$C$19,Datos!$D$19,"="))))) -> 1 | ... EY18: =IF(Evalucion!EZ16=Datos!$C$15,Datos!$D$15,IF(Evalucion!EZ16=Datos!$C$16,Datos!$D$16,IF(Evalucion!EZ16=Datos!$C$17,Datos!$D$17,IF(Evalucion!EZ16=Datos!$C$18,Datos!$D$18,IF(Evalucion!EZ16=Datos!$C$19,Datos!$D$19,"="))))) -> 3 | FA18: =SUMIF($E$2:$EY$2,FA$3,$E18:$EY18) -> 335 | FB18: =SUMIF($E$2:$EY$2,FB$3,$E18:$EY18) -> 265 | FC18: =FB18/($FB$2*5) -> 0.70666667 | FD18: =IF(FC18>0.899,$FI$4,IF(FC18>0.499,$FI$5,$FI$6)) -> Conf_CR | FF18: =SUM(E18:EY18) -> 600 | FG18: =FF18-FB18-FA18 -> 0
A19: =1+A18 -> 16 | B19: PRODUCTO 2 - INDUSTRIAL - FABRICANTE 3 | C19: FABRICANTE 3 | D19: 43321 | E19: =IF(Evalucion!F17=Datos!$C$15,Datos!$D$15,IF(Evalucion!F17=Datos!$C$16,Datos!$D$16,IF(Evalucion!F17=Datos!$C$17,Datos!$D$17,IF(Evalucion!F17=Datos!$C$18,Datos!$D$18,IF(Evalucion!F17=Datos!$C$19,Datos!$D$19,"="))))) -> 5 | F19: =IF(Evalucion!G17=Datos!$C$15,Datos!$D$15,IF(Evalucion!G17=Datos!$C$16,Datos!$D$16,IF(Evalucion!G17=Datos!$C$17,Datos!$D$17,IF(Evalucion!G17=Datos!$C$18,Datos!$D$18,IF(Evalucion!G17=Datos!$C$19,Datos!$D$19,"="))))) -> 5 | G19: =IF(Evalucion!H17=Datos!$C$15,Datos!$D$15,IF(Evalucion!H17=Datos!$C$16,Datos!$D$16,IF(Evalucion!H17=Datos!$C$17,Datos!$D$17,IF(Evalucion!H17=Datos!$C$18,Datos!$D$18,IF(Evalucion!H17=Datos!$C$19,Datos!$D$19,"="))))) -> 5 | H19: =IF(Evalucion!I17=Datos!$C$15,Datos!$D$15,IF(Evalucion!I17=Datos!$C$16,Datos!$D$16,IF(Evalucion!I17=Datos!$C$17,Datos!$D$17,IF(Evalucion!I17=Datos!$C$18,Datos!$D$18,IF(Evalucion!I17=Datos!$C$19,Datos!$D$19,"="))))) -> 3 | I19: =IF(Evalucion!J17=Datos!$C$15,Datos!$D$15,IF(Evalucion!J17=Datos!$C$16,Datos!$D$16,IF(Evalucion!J17=Datos!$C$17,Datos!$D$17,IF(Evalucion!J17=Datos!$C$18,Datos!$D$18,IF(Evalucion!J17=Datos!$C$19,Datos!$D$19,"="))))) -> 1 | J19: =IF(Evalucion!K17=Datos!$C$15,Datos!$D$15,IF(Evalucion!K17=Datos!$C$16,Datos!$D$16,IF(Evalucion!K17=Datos!$C$17,Datos!$D$17,IF(Evalucion!K17=Datos!$C$18,Datos!$D$18,IF(Evalucion!K17=Datos!$C$19,Datos!$D$19,"="))))) -> 3 | K19: =IF(Evalucion!L17=Datos!$C$15,Datos!$D$15,IF(Evalucion!L17=Datos!$C$16,Datos!$D$16,IF(Evalucion!L17=Datos!$C$17,Datos!$D$17,IF(Evalucion!L17=Datos!$C$18,Datos!$D$18,IF(Evalucion!L17=Datos!$C$19,Datos!$D$19,"="))))) -> 5 | L19: =IF(Evalucion!M17=Datos!$C$15,Datos!$D$15,IF(Evalucion!M17=Datos!$C$16,Datos!$D$16,IF(Evalucion!M17=Datos!$C$17,Datos!$D$17,IF(Evalucion!M17=Datos!$C$18,Datos!$D$18,IF(Evalucion!M17=Datos!$C$19,Datos!$D$19,"="))))) -> 5 | ... AF19: =IF(Evalucion!AG17=Datos!$C$15,Datos!$D$15,IF(Evalucion!AG17=Datos!$C$16,Datos!$D$16,IF(Evalucion!AG17=Datos!$C$17,Datos!$D$17,IF(Evalucion!AG17=Datos!$C$18,Datos!$D$18,IF(Evalucion!AG17=Datos!$C$19,Datos!$D$19,"="))))) -> 5 | AO19: =IF(Evalucion!AP17=Datos!$C$15,Datos!$D$15,IF(Evalucion!AP17=Datos!$C$16,Datos!$D$16,IF(Evalucion!AP17=Datos!$C$17,Datos!$D$17,IF(Evalucion!AP17=Datos!$C$18,Datos!$D$18,IF(Evalucion!AP17=Datos!$C$19,Datos!$D$19,"="))))) -> 5 | AP19: =IF(Evalucion!AQ17=Datos!$C$15,Datos!$D$15,IF(Evalucion!AQ17=Datos!$C$16,Datos!$D$16,IF(Evalucion!AQ17=Datos!$C$17,Datos!$D$17,IF(Evalucion!AQ17=Datos!$C$18,Datos!$D$18,IF(Evalucion!AQ17=Datos!$C$19,Datos!$D$19,"="))))) -> 3 | AQ19: =IF(Evalucion!AR17=Datos!$C$15,Datos!$D$15,IF(Evalucion!AR17=Datos!$C$16,Datos!$D$16,IF(Evalucion!AR17=Datos!$C$17,Datos!$D$17,IF(Evalucion!AR17=Datos!$C$18,Datos!$D$18,IF(Evalucion!AR17=Datos!$C$19,Datos!$D$19,"="))))) -> 1 | AR19: =IF(Evalucion!AS17=Datos!$C$15,Datos!$D$15,IF(Evalucion!AS17=Datos!$C$16,Datos!$D$16,IF(Evalucion!AS17=Datos!$C$17,Datos!$D$17,IF(Evalucion!AS17=Datos!$C$18,Datos!$D$18,IF(Evalucion!AS17=Datos!$C$19,Datos!$D$19,"="))))) -> 3 | AS19: =IF(Evalucion!AT17=Datos!$C$15,Datos!$D$15,IF(Evalucion!AT17=Datos!$C$16,Datos!$D$16,IF(Evalucion!AT17=Datos!$C$17,Datos!$D$17,IF(Evalucion!AT17=Datos!$C$18,Datos!$D$18,IF(Evalucion!AT17=Datos!$C$19,Datos!$D$19,"="))))) -> 5 | AT19: =IF(Evalucion!AU17=Datos!$C$15,Datos!$D$15,IF(Evalucion!AU17=Datos!$C$16,Datos!$D$16,IF(Evalucion!AU17=Datos!$C$17,Datos!$D$17,IF(Evalucion!AU17=Datos!$C$18,Datos!$D$18,IF(Evalucion!AU17=Datos!$C$19,Datos!$D$19,"="))))) -> 3 | AV19: =IF(Evalucion!AW17=Datos!$C$15,Datos!$D$15,IF(Evalucion!AW17=Datos!$C$16,Datos!$D$16,IF(Evalucion!AW17=Datos!$C$17,Datos!$D$17,IF(Evalucion!AW17=Datos!$C$18,Datos!$D$18,IF(Evalucion!AW17=Datos!$C$19,Datos!$D$19,"="))))) -> 5 | AW19: =IF(Evalucion!AX17=Datos!$C$15,Datos!$D$15,IF(Evalucion!AX17=Datos!$C$16,Datos!$D$16,IF(Evalucion!AX17=Datos!$C$17,Datos!$D$17,IF(Evalucion!AX17=Datos!$C$18,Datos!$D$18,IF(Evalucion!AX17=Datos!$C$19,Datos!$D$19,"="))))) -> 3 | AX19: =IF(Evalucion!AY17=Datos!$C$15,Datos!$D$15,IF(Evalucion!AY17=Datos!$C$16,Datos!$D$16,IF(Evalucion!AY17=Datos!$C$17,Datos!$D$17,IF(Evalucion!AY17=Datos!$C$18,Datos!$D$18,IF(Evalucion!AY17=Datos!$C$19,Datos!$D$19,"="))))) -> 5 | AY19: =IF(Evalucion!AZ17=Datos!$C$15,Datos!$D$15,IF(Evalucion!AZ17=Datos!$C$16,Datos!$D$16,IF(Evalucion!AZ17=Datos!$C$17,Datos!$D$17,IF(Evalucion!AZ17=Datos!$C$18,Datos!$D$18,IF(Evalucion!AZ17=Datos!$C$19,Datos!$D$19,"="))))) -> 5 | AZ19: =IF(Evalucion!BA17=Datos!$C$15,Datos!$D$15,IF(Evalucion!BA17=Datos!$C$16,Datos!$D$16,IF(Evalucion!BA17=Datos!$C$17,Datos!$D$17,IF(Evalucion!BA17=Datos!$C$18,Datos!$D$18,IF(Evalucion!BA17=Datos!$C$19,Datos!$D$19,"="))))) -> 5 | BA19: =IF(Evalucion!BB17=Datos!$C$15,Datos!$D$15,IF(Evalucion!BB17=Datos!$C$16,Datos!$D$16,IF(Evalucion!BB17=Datos!$C$17,Datos!$D$17,IF(Evalucion!BB17=Datos!$C$18,Datos!$D$18,IF(Evalucion!BB17=Datos!$C$19,Datos!$D$19,"="))))) -> 5 | BB19: =IF(Evalucion!BC17=Datos!$C$15,Datos!$D$15,IF(Evalucion!BC17=Datos!$C$16,Datos!$D$16,IF(Evalucion!BC17=Datos!$C$17,Datos!$D$17,IF(Evalucion!BC17=Datos!$C$18,Datos!$D$18,IF(Evalucion!BC17=Datos!$C$19,Datos!$D$19,"="))))) -> 5 | BC19: =IF(Evalucion!BD17=Datos!$C$15,Datos!$D$15,IF(Evalucion!BD17=Datos!$C$16,Datos!$D$16,IF(Evalucion!BD17=Datos!$C$17,Datos!$D$17,IF(Evalucion!BD17=Datos!$C$18,Datos!$D$18,IF(Evalucion!BD17=Datos!$C$19,Datos!$D$19,"="))))) -> 1 | ... EY19: =IF(Evalucion!EZ17=Datos!$C$15,Datos!$D$15,IF(Evalucion!EZ17=Datos!$C$16,Datos!$D$16,IF(Evalucion!EZ17=Datos!$C$17,Datos!$D$17,IF(Evalucion!EZ17=Datos!$C$18,Datos!$D$18,IF(Evalucion!EZ17=Datos!$C$19,Datos!$D$19,"="))))) -> 3 | FA19: =SUMIF($E$2:$EY$2,FA$3,$E19:$EY19) -> 335 | FB19: =SUMIF($E$2:$EY$2,FB$3,$E19:$EY19) -> 291 | FC19: =FB19/($FB$2*5) -> 0.776 | FD19: =IF(FC19>0.899,$FI$4,IF(FC19>0.499,$FI$5,$FI$6)) -> Conf_CR | FF19: =SUM(E19:EY19) -> 626 | FG19: =FF19-FB19-FA19 -> 0
A20: =1+A19 -> 17 | B20: PRODUCTO 3 - INDUSTRIAL - FABRICANTE 3 | C20: FABRICANTE 3 | D20: 43236 | E20: =IF(Evalucion!F18=Datos!$C$15,Datos!$D$15,IF(Evalucion!F18=Datos!$C$16,Datos!$D$16,IF(Evalucion!F18=Datos!$C$17,Datos!$D$17,IF(Evalucion!F18=Datos!$C$18,Datos!$D$18,IF(Evalucion!F18=Datos!$C$19,Datos!$D$19,"="))))) -> 5 | F20: =IF(Evalucion!G18=Datos!$C$15,Datos!$D$15,IF(Evalucion!G18=Datos!$C$16,Datos!$D$16,IF(Evalucion!G18=Datos!$C$17,Datos!$D$17,IF(Evalucion!G18=Datos!$C$18,Datos!$D$18,IF(Evalucion!G18=Datos!$C$19,Datos!$D$19,"="))))) -> 5 | G20: =IF(Evalucion!H18=Datos!$C$15,Datos!$D$15,IF(Evalucion!H18=Datos!$C$16,Datos!$D$16,IF(Evalucion!H18=Datos!$C$17,Datos!$D$17,IF(Evalucion!H18=Datos!$C$18,Datos!$D$18,IF(Evalucion!H18=Datos!$C$19,Datos!$D$19,"="))))) -> 5 | H20: =IF(Evalucion!I18=Datos!$C$15,Datos!$D$15,IF(Evalucion!I18=Datos!$C$16,Datos!$D$16,IF(Evalucion!I18=Datos!$C$17,Datos!$D$17,IF(Evalucion!I18=Datos!$C$18,Datos!$D$18,IF(Evalucion!I18=Datos!$C$19,Datos!$D$19,"="))))) -> 1 | I20: =IF(Evalucion!J18=Datos!$C$15,Datos!$D$15,IF(Evalucion!J18=Datos!$C$16,Datos!$D$16,IF(Evalucion!J18=Datos!$C$17,Datos!$D$17,IF(Evalucion!J18=Datos!$C$18,Datos!$D$18,IF(Evalucion!J18=Datos!$C$19,Datos!$D$19,"="))))) -> 1 | J20: =IF(Evalucion!K18=Datos!$C$15,Datos!$D$15,IF(Evalucion!K18=Datos!$C$16,Datos!$D$16,IF(Evalucion!K18=Datos!$C$17,Datos!$D$17,IF(Evalucion!K18=Datos!$C$18,Datos!$D$18,IF(Evalucion!K18=Datos!$C$19,Datos!$D$19,"="))))) -> 1 | K20: =IF(Evalucion!L18=Datos!$C$15,Datos!$D$15,IF(Evalucion!L18=Datos!$C$16,Datos!$D$16,IF(Evalucion!L18=Datos!$C$17,Datos!$D$17,IF(Evalucion!L18=Datos!$C$18,Datos!$D$18,IF(Evalucion!L18=Datos!$C$19,Datos!$D$19,"="))))) -> 5 | L20: =IF(Evalucion!M18=Datos!$C$15,Datos!$D$15,IF(Evalucion!M18=Datos!$C$16,Datos!$D$16,IF(Evalucion!M18=Datos!$C$17,Datos!$D$17,IF(Evalucion!M18=Datos!$C$18,Datos!$D$18,IF(Evalucion!M18=Datos!$C$19,Datos!$D$19,"="))))) -> 5 | ... AF20: =IF(Evalucion!AG18=Datos!$C$15,Datos!$D$15,IF(Evalucion!AG18=Datos!$C$16,Datos!$D$16,IF(Evalucion!AG18=Datos!$C$17,Datos!$D$17,IF(Evalucion!AG18=Datos!$C$18,Datos!$D$18,IF(Evalucion!AG18=Datos!$C$19,Datos!$D$19,"="))))) -> 5 | AO20: =IF(Evalucion!AP18=Datos!$C$15,Datos!$D$15,IF(Evalucion!AP18=Datos!$C$16,Datos!$D$16,IF(Evalucion!AP18=Datos!$C$17,Datos!$D$17,IF(Evalucion!AP18=Datos!$C$18,Datos!$D$18,IF(Evalucion!AP18=Datos!$C$19,Datos!$D$19,"="))))) -> 5 | AP20: =IF(Evalucion!AQ18=Datos!$C$15,Datos!$D$15,IF(Evalucion!AQ18=Datos!$C$16,Datos!$D$16,IF(Evalucion!AQ18=Datos!$C$17,Datos!$D$17,IF(Evalucion!AQ18=Datos!$C$18,Datos!$D$18,IF(Evalucion!AQ18=Datos!$C$19,Datos!$D$19,"="))))) -> 3 | AQ20: =IF(Evalucion!AR18=Datos!$C$15,Datos!$D$15,IF(Evalucion!AR18=Datos!$C$16,Datos!$D$16,IF(Evalucion!AR18=Datos!$C$17,Datos!$D$17,IF(Evalucion!AR18=Datos!$C$18,Datos!$D$18,IF(Evalucion!AR18=Datos!$C$19,Datos!$D$19,"="))))) -> 1 | AR20: =IF(Evalucion!AS18=Datos!$C$15,Datos!$D$15,IF(Evalucion!AS18=Datos!$C$16,Datos!$D$16,IF(Evalucion!AS18=Datos!$C$17,Datos!$D$17,IF(Evalucion!AS18=Datos!$C$18,Datos!$D$18,IF(Evalucion!AS18=Datos!$C$19,Datos!$D$19,"="))))) -> 1 | AS20: =IF(Evalucion!AT18=Datos!$C$15,Datos!$D$15,IF(Evalucion!AT18=Datos!$C$16,Datos!$D$16,IF(Evalucion!AT18=Datos!$C$17,Datos!$D$17,IF(Evalucion!AT18=Datos!$C$18,Datos!$D$18,IF(Evalucion!AT18=Datos!$C$19,Datos!$D$19,"="))))) -> 5 | AT20: =IF(Evalucion!AU18=Datos!$C$15,Datos!$D$15,IF(Evalucion!AU18=Datos!$C$16,Datos!$D$16,IF(Evalucion!AU18=Datos!$C$17,Datos!$D$17,IF(Evalucion!AU18=Datos!$C$18,Datos!$D$18,IF(Evalucion!AU18=Datos!$C$19,Datos!$D$19,"="))))) -> 5 | AV20: =IF(Evalucion!AW18=Datos!$C$15,Datos!$D$15,IF(Evalucion!AW18=Datos!$C$16,Datos!$D$16,IF(Evalucion!AW18=Datos!$C$17,Datos!$D$17,IF(Evalucion!AW18=Datos!$C$18,Datos!$D$18,IF(Evalucion!AW18=Datos!$C$19,Datos!$D$19,"="))))) -> 5 | AW20: =IF(Evalucion!AX18=Datos!$C$15,Datos!$D$15,IF(Evalucion!AX18=Datos!$C$16,Datos!$D$16,IF(Evalucion!AX18=Datos!$C$17,Datos!$D$17,IF(Evalucion!AX18=Datos!$C$18,Datos!$D$18,IF(Evalucion!AX18=Datos!$C$19,Datos!$D$19,"="))))) -> 5 | AX20: =IF(Evalucion!AY18=Datos!$C$15,Datos!$D$15,IF(Evalucion!AY18=Datos!$C$16,Datos!$D$16,IF(Evalucion!AY18=Datos!$C$17,Datos!$D$17,IF(Evalucion!AY18=Datos!$C$18,Datos!$D$18,IF(Evalucion!AY18=Datos!$C$19,Datos!$D$19,"="))))) -> 5 | AY20: =IF(Evalucion!AZ18=Datos!$C$15,Datos!$D$15,IF(Evalucion!AZ18=Datos!$C$16,Datos!$D$16,IF(Evalucion!AZ18=Datos!$C$17,Datos!$D$17,IF(Evalucion!AZ18=Datos!$C$18,Datos!$D$18,IF(Evalucion!AZ18=Datos!$C$19,Datos!$D$19,"="))))) -> 5 | AZ20: =IF(Evalucion!BA18=Datos!$C$15,Datos!$D$15,IF(Evalucion!BA18=Datos!$C$16,Datos!$D$16,IF(Evalucion!BA18=Datos!$C$17,Datos!$D$17,IF(Evalucion!BA18=Datos!$C$18,Datos!$D$18,IF(Evalucion!BA18=Datos!$C$19,Datos!$D$19,"="))))) -> 5 | BA20: =IF(Evalucion!BB18=Datos!$C$15,Datos!$D$15,IF(Evalucion!BB18=Datos!$C$16,Datos!$D$16,IF(Evalucion!BB18=Datos!$C$17,Datos!$D$17,IF(Evalucion!BB18=Datos!$C$18,Datos!$D$18,IF(Evalucion!BB18=Datos!$C$19,Datos!$D$19,"="))))) -> 5 | BB20: =IF(Evalucion!BC18=Datos!$C$15,Datos!$D$15,IF(Evalucion!BC18=Datos!$C$16,Datos!$D$16,IF(Evalucion!BC18=Datos!$C$17,Datos!$D$17,IF(Evalucion!BC18=Datos!$C$18,Datos!$D$18,IF(Evalucion!BC18=Datos!$C$19,Datos!$D$19,"="))))) -> 5 | BC20: =IF(Evalucion!BD18=Datos!$C$15,Datos!$D$15,IF(Evalucion!BD18=Datos!$C$16,Datos!$D$16,IF(Evalucion!BD18=Datos!$C$17,Datos!$D$17,IF(Evalucion!BD18=Datos!$C$18,Datos!$D$18,IF(Evalucion!BD18=Datos!$C$19,Datos!$D$19,"="))))) -> 1 | ... EY20: =IF(Evalucion!EZ18=Datos!$C$15,Datos!$D$15,IF(Evalucion!EZ18=Datos!$C$16,Datos!$D$16,IF(Evalucion!EZ18=Datos!$C$17,Datos!$D$17,IF(Evalucion!EZ18=Datos!$C$18,Datos!$D$18,IF(Evalucion!EZ18=Datos!$C$19,Datos!$D$19,"="))))) -> 3 | FA20: =SUMIF($E$2:$EY$2,FA$3,$E20:$EY20) -> 331 | FB20: =SUMIF($E$2:$EY$2,FB$3,$E20:$EY20) -> 275 | FC20: =FB20/($FB$2*5) -> 0.73333333 | FD20: =IF(FC20>0.899,$FI$4,IF(FC20>0.499,$FI$5,$FI$6)) -> Conf_CR | FF20: =SUM(E20:EY20) -> 606 | FG20: =FF20-FB20-FA20 -> 0
A21: =1+A20 -> 18 | B21: PRODUCTO 4 - INDUSTRIAL - FABRICANTE 3 | C21: FABRICANTE 3 | D21: 43236 | E21: =IF(Evalucion!F19=Datos!$C$15,Datos!$D$15,IF(Evalucion!F19=Datos!$C$16,Datos!$D$16,IF(Evalucion!F19=Datos!$C$17,Datos!$D$17,IF(Evalucion!F19=Datos!$C$18,Datos!$D$18,IF(Evalucion!F19=Datos!$C$19,Datos!$D$19,"="))))) -> 5 | F21: =IF(Evalucion!G19=Datos!$C$15,Datos!$D$15,IF(Evalucion!G19=Datos!$C$16,Datos!$D$16,IF(Evalucion!G19=Datos!$C$17,Datos!$D$17,IF(Evalucion!G19=Datos!$C$18,Datos!$D$18,IF(Evalucion!G19=Datos!$C$19,Datos!$D$19,"="))))) -> 5 | G21: =IF(Evalucion!H19=Datos!$C$15,Datos!$D$15,IF(Evalucion!H19=Datos!$C$16,Datos!$D$16,IF(Evalucion!H19=Datos!$C$17,Datos!$D$17,IF(Evalucion!H19=Datos!$C$18,Datos!$D$18,IF(Evalucion!H19=Datos!$C$19,Datos!$D$19,"="))))) -> 5 | H21: =IF(Evalucion!I19=Datos!$C$15,Datos!$D$15,IF(Evalucion!I19=Datos!$C$16,Datos!$D$16,IF(Evalucion!I19=Datos!$C$17,Datos!$D$17,IF(Evalucion!I19=Datos!$C$18,Datos!$D$18,IF(Evalucion!I19=Datos!$C$19,Datos!$D$19,"="))))) -> 1 | I21: =IF(Evalucion!J19=Datos!$C$15,Datos!$D$15,IF(Evalucion!J19=Datos!$C$16,Datos!$D$16,IF(Evalucion!J19=Datos!$C$17,Datos!$D$17,IF(Evalucion!J19=Datos!$C$18,Datos!$D$18,IF(Evalucion!J19=Datos!$C$19,Datos!$D$19,"="))))) -> 1 | J21: =IF(Evalucion!K19=Datos!$C$15,Datos!$D$15,IF(Evalucion!K19=Datos!$C$16,Datos!$D$16,IF(Evalucion!K19=Datos!$C$17,Datos!$D$17,IF(Evalucion!K19=Datos!$C$18,Datos!$D$18,IF(Evalucion!K19=Datos!$C$19,Datos!$D$19,"="))))) -> 1 | K21: =IF(Evalucion!L19=Datos!$C$15,Datos!$D$15,IF(Evalucion!L19=Datos!$C$16,Datos!$D$16,IF(Evalucion!L19=Datos!$C$17,Datos!$D$17,IF(Evalucion!L19=Datos!$C$18,Datos!$D$18,IF(Evalucion!L19=Datos!$C$19,Datos!$D$19,"="))))) -> 5 | L21: =IF(Evalucion!M19=Datos!$C$15,Datos!$D$15,IF(Evalucion!M19=Datos!$C$16,Datos!$D$16,IF(Evalucion!M19=Datos!$C$17,Datos!$D$17,IF(Evalucion!M19=Datos!$C$18,Datos!$D$18,IF(Evalucion!M19=Datos!$C$19,Datos!$D$19,"="))))) -> 5 | ... AF21: =IF(Evalucion!AG19=Datos!$C$15,Datos!$D$15,IF(Evalucion!AG19=Datos!$C$16,Datos!$D$16,IF(Evalucion!AG19=Datos!$C$17,Datos!$D$17,IF(Evalucion!AG19=Datos!$C$18,Datos!$D$18,IF(Evalucion!AG19=Datos!$C$19,Datos!$D$19,"="))))) -> 5 | AO21: =IF(Evalucion!AP19=Datos!$C$15,Datos!$D$15,IF(Evalucion!AP19=Datos!$C$16,Datos!$D$16,IF(Evalucion!AP19=Datos!$C$17,Datos!$D$17,IF(Evalucion!AP19=Datos!$C$18,Datos!$D$18,IF(Evalucion!AP19=Datos!$C$19,Datos!$D$19,"="))))) -> 5 | AP21: =IF(Evalucion!AQ19=Datos!$C$15,Datos!$D$15,IF(Evalucion!AQ19=Datos!$C$16,Datos!$D$16,IF(Evalucion!AQ19=Datos!$C$17,Datos!$D$17,IF(Evalucion!AQ19=Datos!$C$18,Datos!$D$18,IF(Evalucion!AQ19=Datos!$C$19,Datos!$D$19,"="))))) -> 3 | AQ21: =IF(Evalucion!AR19=Datos!$C$15,Datos!$D$15,IF(Evalucion!AR19=Datos!$C$16,Datos!$D$16,IF(Evalucion!AR19=Datos!$C$17,Datos!$D$17,IF(Evalucion!AR19=Datos!$C$18,Datos!$D$18,IF(Evalucion!AR19=Datos!$C$19,Datos!$D$19,"="))))) -> 1 | AR21: =IF(Evalucion!AS19=Datos!$C$15,Datos!$D$15,IF(Evalucion!AS19=Datos!$C$16,Datos!$D$16,IF(Evalucion!AS19=Datos!$C$17,Datos!$D$17,IF(Evalucion!AS19=Datos!$C$18,Datos!$D$18,IF(Evalucion!AS19=Datos!$C$19,Datos!$D$19,"="))))) -> 1 | AS21: =IF(Evalucion!AT19=Datos!$C$15,Datos!$D$15,IF(Evalucion!AT19=Datos!$C$16,Datos!$D$16,IF(Evalucion!AT19=Datos!$C$17,Datos!$D$17,IF(Evalucion!AT19=Datos!$C$18,Datos!$D$18,IF(Evalucion!AT19=Datos!$C$19,Datos!$D$19,"="))))) -> 5 | AT21: =IF(Evalucion!AU19=Datos!$C$15,Datos!$D$15,IF(Evalucion!AU19=Datos!$C$16,Datos!$D$16,IF(Evalucion!AU19=Datos!$C$17,Datos!$D$17,IF(Evalucion!AU19=Datos!$C$18,Datos!$D$18,IF(Evalucion!AU19=Datos!$C$19,Datos!$D$19,"="))))) -> 5 | AV21: =IF(Evalucion!AW19=Datos!$C$15,Datos!$D$15,IF(Evalucion!AW19=Datos!$C$16,Datos!$D$16,IF(Evalucion!AW19=Datos!$C$17,Datos!$D$17,IF(Evalucion!AW19=Datos!$C$18,Datos!$D$18,IF(Evalucion!AW19=Datos!$C$19,Datos!$D$19,"="))))) -> 5 | AW21: =IF(Evalucion!AX19=Datos!$C$15,Datos!$D$15,IF(Evalucion!AX19=Datos!$C$16,Datos!$D$16,IF(Evalucion!AX19=Datos!$C$17,Datos!$D$17,IF(Evalucion!AX19=Datos!$C$18,Datos!$D$18,IF(Evalucion!AX19=Datos!$C$19,Datos!$D$19,"="))))) -> 5 | AX21: =IF(Evalucion!AY19=Datos!$C$15,Datos!$D$15,IF(Evalucion!AY19=Datos!$C$16,Datos!$D$16,IF(Evalucion!AY19=Datos!$C$17,Datos!$D$17,IF(Evalucion!AY19=Datos!$C$18,Datos!$D$18,IF(Evalucion!AY19=Datos!$C$19,Datos!$D$19,"="))))) -> 5 | AY21: =IF(Evalucion!AZ19=Datos!$C$15,Datos!$D$15,IF(Evalucion!AZ19=Datos!$C$16,Datos!$D$16,IF(Evalucion!AZ19=Datos!$C$17,Datos!$D$17,IF(Evalucion!AZ19=Datos!$C$18,Datos!$D$18,IF(Evalucion!AZ19=Datos!$C$19,Datos!$D$19,"="))))) -> 5 | AZ21: =IF(Evalucion!BA19=Datos!$C$15,Datos!$D$15,IF(Evalucion!BA19=Datos!$C$16,Datos!$D$16,IF(Evalucion!BA19=Datos!$C$17,Datos!$D$17,IF(Evalucion!BA19=Datos!$C$18,Datos!$D$18,IF(Evalucion!BA19=Datos!$C$19,Datos!$D$19,"="))))) -> 5 | BA21: =IF(Evalucion!BB19=Datos!$C$15,Datos!$D$15,IF(Evalucion!BB19=Datos!$C$16,Datos!$D$16,IF(Evalucion!BB19=Datos!$C$17,Datos!$D$17,IF(Evalucion!BB19=Datos!$C$18,Datos!$D$18,IF(Evalucion!BB19=Datos!$C$19,Datos!$D$19,"="))))) -> 5 | BB21: =IF(Evalucion!BC19=Datos!$C$15,Datos!$D$15,IF(Evalucion!BC19=Datos!$C$16,Datos!$D$16,IF(Evalucion!BC19=Datos!$C$17,Datos!$D$17,IF(Evalucion!BC19=Datos!$C$18,Datos!$D$18,IF(Evalucion!BC19=Datos!$C$19,Datos!$D$19,"="))))) -> 5 | BC21: =IF(Evalucion!BD19=Datos!$C$15,Datos!$D$15,IF(Evalucion!BD19=Datos!$C$16,Datos!$D$16,IF(Evalucion!BD19=Datos!$C$17,Datos!$D$17,IF(Evalucion!BD19=Datos!$C$18,Datos!$D$18,IF(Evalucion!BD19=Datos!$C$19,Datos!$D$19,"="))))) -> 1 | ... EY21: =IF(Evalucion!EZ19=Datos!$C$15,Datos!$D$15,IF(Evalucion!EZ19=Datos!$C$16,Datos!$D$16,IF(Evalucion!EZ19=Datos!$C$17,Datos!$D$17,IF(Evalucion!EZ19=Datos!$C$18,Datos!$D$18,IF(Evalucion!EZ19=Datos!$C$19,Datos!$D$19,"="))))) -> 3 | FA21: =SUMIF($E$2:$EY$2,FA$3,$E21:$EY21) -> 335 | FB21: =SUMIF($E$2:$EY$2,FB$3,$E21:$EY21) -> 279 | FC21: =FB21/($FB$2*5) -> 0.744 | FD21: =IF(FC21>0.899,$FI$4,IF(FC21>0.499,$FI$5,$FI$6)) -> Conf_CR | FF21: =SUM(E21:EY21) -> 614 | FG21: =FF21-FB21-FA21 -> 0
... A53: =1+A52 -> 50 | B53: PRODUCTO 5 - DOMESTICA - FABRICANTE 8 | C53: FABRICANTE 8 | D53: 43699 | E53: =IF(Evalucion!F51=Datos!$C$15,Datos!$D$15,IF(Evalucion!F51=Datos!$C$16,Datos!$D$16,IF(Evalucion!F51=Datos!$C$17,Datos!$D$17,IF(Evalucion!F51=Datos!$C$18,Datos!$D$18,IF(Evalucion!F51=Datos!$C$19,Datos!$D$19,"="))))) -> 5 | F53: =IF(Evalucion!G51=Datos!$C$15,Datos!$D$15,IF(Evalucion!G51=Datos!$C$16,Datos!$D$16,IF(Evalucion!G51=Datos!$C$17,Datos!$D$17,IF(Evalucion!G51=Datos!$C$18,Datos!$D$18,IF(Evalucion!G51=Datos!$C$19,Datos!$D$19,"="))))) -> 5 | G53: =IF(Evalucion!H51=Datos!$C$15,Datos!$D$15,IF(Evalucion!H51=Datos!$C$16,Datos!$D$16,IF(Evalucion!H51=Datos!$C$17,Datos!$D$17,IF(Evalucion!H51=Datos!$C$18,Datos!$D$18,IF(Evalucion!H51=Datos!$C$19,Datos!$D$19,"="))))) -> 5 | H53: =IF(Evalucion!I51=Datos!$C$15,Datos!$D$15,IF(Evalucion!I51=Datos!$C$16,Datos!$D$16,IF(Evalucion!I51=Datos!$C$17,Datos!$D$17,IF(Evalucion!I51=Datos!$C$18,Datos!$D$18,IF(Evalucion!I51=Datos!$C$19,Datos!$D$19,"="))))) -> 5 | I53: =IF(Evalucion!J51=Datos!$C$15,Datos!$D$15,IF(Evalucion!J51=Datos!$C$16,Datos!$D$16,IF(Evalucion!J51=Datos!$C$17,Datos!$D$17,IF(Evalucion!J51=Datos!$C$18,Datos!$D$18,IF(Evalucion!J51=Datos!$C$19,Datos!$D$19,"="))))) -> 5 | J53: =IF(Evalucion!K51=Datos!$C$15,Datos!$D$15,IF(Evalucion!K51=Datos!$C$16,Datos!$D$16,IF(Evalucion!K51=Datos!$C$17,Datos!$D$17,IF(Evalucion!K51=Datos!$C$18,Datos!$D$18,IF(Evalucion!K51=Datos!$C$19,Datos!$D$19,"="))))) -> 3 | K53: =IF(Evalucion!L51=Datos!$C$15,Datos!$D$15,IF(Evalucion!L51=Datos!$C$16,Datos!$D$16,IF(Evalucion!L51=Datos!$C$17,Datos!$D$17,IF(Evalucion!L51=Datos!$C$18,Datos!$D$18,IF(Evalucion!L51=Datos!$C$19,Datos!$D$19,"="))))) -> 5 | L53: =IF(Evalucion!M51=Datos!$C$15,Datos!$D$15,IF(Evalucion!M51=Datos!$C$16,Datos!$D$16,IF(Evalucion!M51=Datos!$C$17,Datos!$D$17,IF(Evalucion!M51=Datos!$C$18,Datos!$D$18,IF(Evalucion!M51=Datos!$C$19,Datos!$D$19,"="))))) -> 3 | ... AF53: =IF(Evalucion!AG51=Datos!$C$15,Datos!$D$15,IF(Evalucion!AG51=Datos!$C$16,Datos!$D$16,IF(Evalucion!AG51=Datos!$C$17,Datos!$D$17,IF(Evalucion!AG51=Datos!$C$18,Datos!$D$18,IF(Evalucion!AG51=Datos!$C$19,Datos!$D$19,"="))))) -> 5 | AO53: =IF(Evalucion!AP51=Datos!$C$15,Datos!$D$15,IF(Evalucion!AP51=Datos!$C$16,Datos!$D$16,IF(Evalucion!AP51=Datos!$C$17,Datos!$D$17,IF(Evalucion!AP51=Datos!$C$18,Datos!$D$18,IF(Evalucion!AP51=Datos!$C$19,Datos!$D$19,"="))))) -> 5 | AP53: =IF(Evalucion!AQ51=Datos!$C$15,Datos!$D$15,IF(Evalucion!AQ51=Datos!$C$16,Datos!$D$16,IF(Evalucion!AQ51=Datos!$C$17,Datos!$D$17,IF(Evalucion!AQ51=Datos!$C$18,Datos!$D$18,IF(Evalucion!AQ51=Datos!$C$19,Datos!$D$19,"="))))) -> 3 | AQ53: =IF(Evalucion!AR51=Datos!$C$15,Datos!$D$15,IF(Evalucion!AR51=Datos!$C$16,Datos!$D$16,IF(Evalucion!AR51=Datos!$C$17,Datos!$D$17,IF(Evalucion!AR51=Datos!$C$18,Datos!$D$18,IF(Evalucion!AR51=Datos!$C$19,Datos!$D$19,"="))))) -> 1 | AR53: =IF(Evalucion!AS51=Datos!$C$15,Datos!$D$15,IF(Evalucion!AS51=Datos!$C$16,Datos!$D$16,IF(Evalucion!AS51=Datos!$C$17,Datos!$D$17,IF(Evalucion!AS51=Datos!$C$18,Datos!$D$18,IF(Evalucion!AS51=Datos!$C$19,Datos!$D$19,"="))))) -> 1 | AS53: =IF(Evalucion!AT51=Datos!$C$15,Datos!$D$15,IF(Evalucion!AT51=Datos!$C$16,Datos!$D$16,IF(Evalucion!AT51=Datos!$C$17,Datos!$D$17,IF(Evalucion!AT51=Datos!$C$18,Datos!$D$18,IF(Evalucion!AT51=Datos!$C$19,Datos!$D$19,"="))))) -> 5 | AT53: =IF(Evalucion!AU51=Datos!$C$15,Datos!$D$15,IF(Evalucion!AU51=Datos!$C$16,Datos!$D$16,IF(Evalucion!AU51=Datos!$C$17,Datos!$D$17,IF(Evalucion!AU51=Datos!$C$18,Datos!$D$18,IF(Evalucion!AU51=Datos!$C$19,Datos!$D$19,"="))))) -> 3 | AV53: =IF(Evalucion!AW51=Datos!$C$15,Datos!$D$15,IF(Evalucion!AW51=Datos!$C$16,Datos!$D$16,IF(Evalucion!AW51=Datos!$C$17,Datos!$D$17,IF(Evalucion!AW51=Datos!$C$18,Datos!$D$18,IF(Evalucion!AW51=Datos!$C$19,Datos!$D$19,"="))))) -> 5 | AW53: =IF(Evalucion!AX51=Datos!$C$15,Datos!$D$15,IF(Evalucion!AX51=Datos!$C$16,Datos!$D$16,IF(Evalucion!AX51=Datos!$C$17,Datos!$D$17,IF(Evalucion!AX51=Datos!$C$18,Datos!$D$18,IF(Evalucion!AX51=Datos!$C$19,Datos!$D$19,"="))))) -> 3 | AX53: =IF(Evalucion!AY51=Datos!$C$15,Datos!$D$15,IF(Evalucion!AY51=Datos!$C$16,Datos!$D$16,IF(Evalucion!AY51=Datos!$C$17,Datos!$D$17,IF(Evalucion!AY51=Datos!$C$18,Datos!$D$18,IF(Evalucion!AY51=Datos!$C$19,Datos!$D$19,"="))))) -> 5 | AY53: =IF(Evalucion!AZ51=Datos!$C$15,Datos!$D$15,IF(Evalucion!AZ51=Datos!$C$16,Datos!$D$16,IF(Evalucion!AZ51=Datos!$C$17,Datos!$D$17,IF(Evalucion!AZ51=Datos!$C$18,Datos!$D$18,IF(Evalucion!AZ51=Datos!$C$19,Datos!$D$19,"="))))) -> 1 | AZ53: =IF(Evalucion!BA51=Datos!$C$15,Datos!$D$15,IF(Evalucion!BA51=Datos!$C$16,Datos!$D$16,IF(Evalucion!BA51=Datos!$C$17,Datos!$D$17,IF(Evalucion!BA51=Datos!$C$18,Datos!$D$18,IF(Evalucion!BA51=Datos!$C$19,Datos!$D$19,"="))))) -> 5 | BA53: =IF(Evalucion!BB51=Datos!$C$15,Datos!$D$15,IF(Evalucion!BB51=Datos!$C$16,Datos!$D$16,IF(Evalucion!BB51=Datos!$C$17,Datos!$D$17,IF(Evalucion!BB51=Datos!$C$18,Datos!$D$18,IF(Evalucion!BB51=Datos!$C$19,Datos!$D$19,"="))))) -> 5 | BB53: =IF(Evalucion!BC51=Datos!$C$15,Datos!$D$15,IF(Evalucion!BC51=Datos!$C$16,Datos!$D$16,IF(Evalucion!BC51=Datos!$C$17,Datos!$D$17,IF(Evalucion!BC51=Datos!$C$18,Datos!$D$18,IF(Evalucion!BC51=Datos!$C$19,Datos!$D$19,"="))))) -> 5 | BC53: =IF(Evalucion!BD51=Datos!$C$15,Datos!$D$15,IF(Evalucion!BD51=Datos!$C$16,Datos!$D$16,IF(Evalucion!BD51=Datos!$C$17,Datos!$D$17,IF(Evalucion!BD51=Datos!$C$18,Datos!$D$18,IF(Evalucion!BD51=Datos!$C$19,Datos!$D$19,"="))))) -> 1 | ... EY53: =IF(Evalucion!EZ51=Datos!$C$15,Datos!$D$15,IF(Evalucion!EZ51=Datos!$C$16,Datos!$D$16,IF(Evalucion!EZ51=Datos!$C$17,Datos!$D$17,IF(Evalucion!EZ51=Datos!$C$18,Datos!$D$18,IF(Evalucion!EZ51=Datos!$C$19,Datos!$D$19,"="))))) -> 3 | FA53: =SUMIF($E$2:$EY$2,FA$3,$E53:$EY53) -> 239 | FB53: =SUMIF($E$2:$EY$2,FB$3,$E53:$EY53) -> 151 | FC53: =FB53/($FB$2*5) -> 0.40266667 | FD53: =IF(FC53>0.899,$FI$4,IF(FC53>0.499,$FI$5,$FI$6)) -> NO_Conf | FF53: =SUM(E53:EY53) -> 390 | FG53: =FF53-FB53-FA53 -> 0
E54: =SUM(E4:E53) -> 250 | F54: =SUM(F4:F53) -> 222 | G54: =SUM(G4:G53) -> 210 | H54: =SUM(H4:H53) -> 124 | I54: =SUM(I4:I53) -> 142 | J54: =SUM(J4:J53) -> 122 | K54: =SUM(K4:K53) -> 210 | L54: =SUM(L4:L53) -> 232 | ... EY54: =SUM(EY4:EY53) -> 140
E55: =$A$53*5 -> 250 | F55: =$A$53*5 -> 250 | G55: =$A$53*5 -> 250 | H55: =$A$53*5 -> 250 | I55: =$A$53*5 -> 250 | J55: =$A$53*5 -> 250 | K55: =$A$53*5 -> 250 | L55: =$A$53*5 -> 250 | ... EY55: =$A$53*5 -> 250
E56: =E54/E55 -> 1 | F56: =F54/F55 -> 0.888 | G56: =G54/G55 -> 0.84 | H56: =H54/H55 -> 0.496 | I56: =I54/I55 -> 0.568 | J56: =J54/J55 -> 0.488 | K56: =K54/K55 -> 0.84 | L56: =L54/L55 -> 0.928 | ... EY56: =EY54/EY55 -> 0.56
D58: Confiabilidad | E58: Cumplimiento
D59: Conf Sec 1 | E59: =AVERAGE(F56,H56,J56,L56,N56,P56) -> 0.73333333 | F59: =IF(E59>0.899,$FI$4,IF(E59>0.499,$FI$5,$FI$6)) -> Conf_CR
D60: Conf Sec 2 | E60: =AVERAGE(R56,T56,V56,X56,Z56,AB56,AD56) -> 0.72685714 | F60: =IF(E60>0.899,$FI$4,IF(E60>0.499,$FI$5,$FI$6)) -> Conf_CR | J60: FABRICANTE 1 | K60: FABRICANTE 2 | L60: FABRICANTE 3 | M60: FABRICANTE 4 | N60: FABRICANTE 5 | O60: FABRICANTE 6 | P60: FABRICANTE 7 | Q60: FABRICANTE 8
D61: Conf Sec 3 | E61: =AVERAGE(AF56,AP56,AR56,AT56,AW56) -> 0.6736 | F61: =IF(E61>0.899,$FI$4,IF(E61>0.499,$FI$5,$FI$6)) -> Conf_CR | I61: Confiable | J61: =COUNTIFS($C:$C,J$60,$FD:$FD,$I$61)/5 -> 0 | K61: =COUNTIFS($C:$C,K$60,$FD:$FD,$I$61)/5 -> 0 | L61: =COUNTIFS($C:$C,L$60,$FD:$FD,$I$61)/5 -> 0 | M61: =COUNTIFS($C:$C,M$60,$FD:$FD,$I$61)/5 -> 0 | N61: =COUNTIFS($C:$C,N$60,$FD:$FD,$I$61)/5 -> 0 | O61: =COUNTIFS($C:$C,O$60,$FD:$FD,$I$61)/5 -> 0 | P61: =COUNTIFS($C:$C,P$60,$FD:$FD,$I$61)/5 -> 0 | Q61: =COUNTIFS($C:$C,Q$60,$FD:$FD,$I$61)/5 -> 0
D62: Conf Sec 4 | E62: =AVERAGE(AY56,BA56,BC56,BE56) -> 0.698 | F62: =IF(E62>0.899,$FI$4,IF(E62>0.499,$FI$5,$FI$6)) -> Conf_CR | I62: Conf_CR | J62: =COUNTIFS($C:$C,J$60,$FD:$FD,$I$62)/5 -> 1 | K62: =COUNTIFS($C:$C,K$60,$FD:$FD,$I$62)/5 -> 0.8 | L62: =COUNTIFS($C:$C,L$60,$FD:$FD,$I$62)/10 -> 1 | M62: =COUNTIFS($C:$C,M$60,$FD:$FD,$I$62)/5 -> 1 | N62: =COUNTIFS($C:$C,N$60,$FD:$FD,$I$62)/5 -> 1 | O62: =COUNTIFS($C:$C,O$60,$FD:$FD,$I$62)/5 -> 0 | P62: =COUNTIFS($C:$C,P$60,$FD:$FD,$I$62)/5 -> 1 | Q62: =COUNTIFS($C:$C,Q$60,$FD:$FD,$I$62)/5 -> 0
D63: Conf Sec 5 | E63: =AVERAGE(BG56,BI56,BK56,BM56) -> 0.776 | F63: =IF(E63>0.899,$FI$4,IF(E63>0.499,$FI$5,$FI$6)) -> Conf_CR | I63: NO_Conf | J63: =COUNTIFS($C:$C,J$60,$FD:$FD,$I$63)/5 -> 0 | K63: =COUNTIFS($C:$C,K$60,$FD:$FD,$I$63)/5 -> 0.2 | L63: =COUNTIFS($C:$C,L$60,$FD:$FD,$I$63)/5 -> 0 | M63: =COUNTIFS($C:$C,M$60,$FD:$FD,$I$63)/5 -> 0 | N63: =COUNTIFS($C:$C,N$60,$FD:$FD,$I$63)/5 -> 0 | O63: =COUNTIFS($C:$C,O$60,$FD:$FD,$I$63)/10 -> 1 | P63: =COUNTIFS($C:$C,P$60,$FD:$FD,$I$63)/5 -> 0 | Q63: =COUNTIFS($C:$C,Q$60,$FD:$FD,$I$63)/5 -> 1
D64: Conf Sec 6 | E64: =AVERAGE(BO56,BQ56,BS56,BU56) -> 0.64 | F64: =IF(E64>0.899,$FI$4,IF(E64>0.499,$FI$5,$FI$6)) -> Conf_CR
D65: Conf Sec 7 | E65: =AVERAGE(BW56,BY56,CA56) -> 0.808 | F65: =IF(E65>0.899,$FI$4,IF(E65>0.499,$FI$5,$FI$6)) -> Conf_CR
D66: Conf Sec 8 | E66: =AVERAGE(CC56,CE56,CG56,CI56) -> 0.64 | F66: =IF(E66>0.899,$FI$4,IF(E66>0.499,$FI$5,$FI$6)) -> Conf_CR
D67: Conf Sec 9 | E67: =AVERAGE(CK56,CM56) -> 0.868 | F67: =IF(E67>0.899,$FI$4,IF(E67>0.499,$FI$5,$FI$6)) -> Conf_CR
D68: Conf Sec 10 | E68: =AVERAGE(CO56,CQ56,CS56,CU56,CW56,CY56,DA56) -> 0.63085714 | F68: =IF(E68>0.899,$FI$4,IF(E68>0.499,$FI$5,$FI$6)) -> Conf_CR
D69: Conf Sec 11 | E69: =AVERAGE(DC56,DE56,DG56,DI56,DK56,DM56) -> 0.572 | F69: =IF(E69>0.899,$FI$4,IF(E69>0.499,$FI$5,$FI$6)) -> Conf_CR
D70: Conf Sec 12 | E70: =AVERAGE(DO56,DQ56,DS56,DU56,DW56,DY56) -> 0.556 | F70: =IF(E70>0.899,$FI$4,IF(E70>0.499,$FI$5,$FI$6)) -> Conf_CR
D71: Conf Sec 13 | E71: =AVERAGE(EA56,EC56) -> 0.72 | F71: =IF(E71>0.899,$FI$4,IF(E71>0.499,$FI$5,$FI$6)) -> Conf_CR
D72: Conf Sec 14 | E72: =AVERAGE(EE56,EG56,EI56,EK56,EM56,EO56,EQ56) -> 0.67085714 | F72: =IF(E72>0.899,$FI$4,IF(E72>0.499,$FI$5,$FI$6)) -> Conf_CR
D73: Conf Sec 15 | E73: =AVERAGE(ES56,EU56) -> 0.596 | F73: =IF(E73>0.899,$FI$4,IF(E73>0.499,$FI$5,$FI$6)) -> Conf_CR
D74: Conf Sec 16 | E74: =AVERAGE(EW56,EY56) -> 0.78 | F74: =IF(E74>0.899,$FI$4,IF(E74>0.499,$FI$5,$FI$6)) -> Conf_CR

Sheet Evalucion
